,ts_code,name,industry
0,000001.SZ,平安银行,银行
1,000002.SZ,万科A,全国地产
2,000004.SZ,国华网安,软件服务
3,000006.SZ,深振业A,区域地产
4,000008.SZ,神州高铁,运输设备
5,000009.SZ,中国宝安,电气设备
6,000010.SZ,美丽生态,建筑工程
7,000011.SZ,深物业A,区域地产
8,000012.SZ,南玻A,玻璃
9,000014.SZ,沙河股份,全国地产
10,000016.SZ,深康佳A,家用电器
11,000017.SZ,深中华A,服饰
12,000019.SZ,深粮控股,农业综合
13,000020.SZ,深华发A,元器件
14,000021.SZ,深科技,元器件
15,000025.SZ,特力A,汽车服务
16,000026.SZ,飞亚达,服饰
17,000027.SZ,深圳能源,火力发电
18,000028.SZ,国药一致,医药商业
19,000029.SZ,深深房A,区域地产
20,000030.SZ,富奥股份,汽车配件
21,000031.SZ,大悦城,全国地产
22,000032.SZ,深桑达A,建筑工程
23,000034.SZ,神州数码,软件服务
24,000035.SZ,中国天楹,环境保护
25,000036.SZ,华联控股,全国地产
26,000037.SZ,深南电A,火力发电
27,000039.SZ,中集集团,运输设备
28,000040.SZ,东旭蓝天,新型电力
29,000042.SZ,中洲控股,全国地产
30,000045.SZ,深纺织A,元器件
31,000048.SZ,京基智农,区域地产
32,000049.SZ,德赛电池,电气设备
33,000050.SZ,深天马A,元器件
34,000055.SZ,方大集团,装修装饰
35,000056.SZ,皇庭国际,房产服务
36,000058.SZ,深赛格,商品城
37,000059.SZ,华锦股份,石油加工
38,000060.SZ,中金岭南,铅锌
39,000061.SZ,农产品,农业综合
40,000062.SZ,深圳华强,元器件
41,000063.SZ,中兴通讯,通信设备
42,000065.SZ,北方国际,建筑工程
43,000066.SZ,中国长城,IT设备
44,000068.SZ,华控赛格,环境保护
45,000069.SZ,华侨城A,全国地产
46,000070.SZ,特发信息,通信设备
47,000078.SZ,海王生物,医药商业
48,000088.SZ,盐田港,港口
49,000089.SZ,深圳机场,机场
50,000090.SZ,天健集团,建筑工程
51,000096.SZ,广聚能源,石油贸易
52,000099.SZ,中信海直,空运
53,000100.SZ,TCL科技,元器件
54,000151.SZ,中成股份,商贸代理
55,000153.SZ,丰原药业,化学制药
56,000155.SZ,川能动力,新型电力
57,000156.SZ,华数传媒,影视音像
58,000157.SZ,中联重科,工程机械
59,000158.SZ,常山北明,软件服务
60,000159.SZ,国际实业,石油贸易
61,000166.SZ,申万宏源,证券
62,000301.SZ,东方盛虹,化纤
63,000333.SZ,美的集团,家用电器
64,000338.SZ,潍柴动力,汽车配件
65,000400.SZ,许继电气,电气设备
66,000401.SZ,冀东水泥,水泥
67,000402.SZ,金融街,全国地产
68,000403.SZ,派林生物,生物制药
69,000404.SZ,长虹华意,家用电器
70,000407.SZ,胜利股份,供气供热
71,000408.SZ,藏格矿业,农药化肥
72,000409.SZ,云鼎科技,软件服务
73,000410.SZ,沈阳机床,机床制造
74,000411.SZ,英特集团,医药商业
75,000413.SZ,东旭光电,元器件
76,000415.SZ,渤海租赁,多元金融
77,000417.SZ,合肥百货,百货
78,000419.SZ,通程控股,百货
79,000420.SZ,吉林化纤,化纤
80,000421.SZ,南京公用,供气供热
81,000422.SZ,湖北宜化,农药化肥
82,000423.SZ,东阿阿胶,中成药
83,000425.SZ,徐工机械,工程机械
84,000426.SZ,兴业银锡,铅锌
85,000428.SZ,华天酒店,酒店餐饮
86,000429.SZ,粤高速A,路桥
87,000430.SZ,张家界,旅游景点
88,000488.SZ,晨鸣纸业,造纸
89,000498.SZ,山东路桥,建筑工程
90,000501.SZ,武商集团,百货
91,000503.SZ,国新健康,软件服务
92,000504.SZ,南华生物,医疗保健
93,000505.SZ,京粮控股,食品
94,000506.SZ,中润资源,黄金
95,000507.SZ,珠海港,港口
96,000509.SZ,华塑控股,元器件
97,000510.SZ,新金路,化工原料
98,000513.SZ,丽珠集团,化学制药
99,000514.SZ,渝开发,区域地产
100,000516.SZ,国际医学,医疗保健
101,000517.SZ,荣安地产,区域地产
102,000518.SZ,四环生物,生物制药
103,000519.SZ,中兵红箭,专用机械
104,000520.SZ,凤凰航运,水运
105,000521.SZ,长虹美菱,家用电器
106,000523.SZ,红棉股份,日用化工
107,000524.SZ,岭南控股,旅游服务
108,000526.SZ,学大教育,文教休闲
109,000528.SZ,柳工,工程机械
110,000529.SZ,广弘控股,食品
111,000530.SZ,冰山冷热,机械基件
112,000531.SZ,穗恒运A,火力发电
113,000532.SZ,华金资本,多元金融
114,000533.SZ,顺钠股份,电气设备
115,000534.SZ,万泽股份,生物制药
116,000536.SZ,华映科技,元器件
117,000537.SZ,中绿电,新型电力
118,000538.SZ,云南白药,中成药
119,000539.SZ,粤电力A,火力发电
120,000541.SZ,佛山照明,家用电器
121,000543.SZ,皖能电力,火力发电
122,000544.SZ,中原环保,环境保护
123,000545.SZ,金浦钛业,化工原料
124,000546.SZ,金圆股份,环境保护
125,000547.SZ,航天发展,通信设备
126,000548.SZ,湖南投资,路桥
127,000550.SZ,江铃汽车,汽车整车
128,000551.SZ,创元科技,专用机械
129,000552.SZ,甘肃能化,煤炭开采
130,000553.SZ,安道麦A,农药化肥
131,000554.SZ,泰山石油,石油贸易
132,000555.SZ,神州信息,软件服务
133,000557.SZ,西部创业,铁路
134,000558.SZ,莱茵体育,文教休闲
135,000559.SZ,万向钱潮,汽车配件
136,000560.SZ,我爱我家,房产服务
137,000561.SZ,烽火电子,通信设备
138,000563.SZ,陕国投A,多元金融
139,000565.SZ,渝三峡A,染料涂料
140,000566.SZ,海南海药,化学制药
141,000567.SZ,海德股份,多元金融
142,000568.SZ,泸州老窖,白酒
143,000570.SZ,苏常柴A,农用机械
144,000571.SZ,新大洲A,煤炭开采
145,000572.SZ,海马汽车,汽车整车
146,000573.SZ,粤宏远A,电气设备
147,000576.SZ,甘化科工,食品
148,000581.SZ,威孚高科,汽车配件
149,000582.SZ,北部湾港,港口
150,000586.SZ,汇源通信,通信设备
151,000589.SZ,贵州轮胎,汽车配件
152,000590.SZ,启迪药业,中成药
153,000591.SZ,太阳能,新型电力
154,000592.SZ,平潭发展,林业
155,000593.SZ,德龙汇能,供气供热
156,000595.SZ,宝塔实业,机械基件
157,000596.SZ,古井贡酒,白酒
158,000597.SZ,东北制药,化学制药
159,000598.SZ,兴蓉环境,水务
160,000599.SZ,青岛双星,汽车配件
161,000600.SZ,建投能源,火力发电
162,000601.SZ,韶能股份,水力发电
163,000603.SZ,盛达资源,铅锌
164,000605.SZ,渤海股份,供气供热
165,000607.SZ,华媒控股,广告包装
166,000608.SZ,阳光股份,区域地产
167,000609.SZ,中迪投资,区域地产
168,000610.SZ,西安旅游,旅游服务
169,000612.SZ,焦作万方,铝
170,000617.SZ,中油资本,多元金融
171,000619.SZ,海螺新材,其他建材
172,000622.SZ,恒立实业,批发业
173,000623.SZ,吉林敖东,中成药
174,000625.SZ,长安汽车,汽车整车
175,000626.SZ,远大控股,商贸代理
176,000627.SZ,天茂集团,保险
177,000628.SZ,高新发展,建筑工程
178,000629.SZ,钒钛股份,小金属
179,000630.SZ,铜陵有色,铜
180,000631.SZ,顺发恒业,综合类
181,000632.SZ,三木集团,综合类
182,000633.SZ,合金投资,小金属
183,000635.SZ,英力特,化工原料
184,000636.SZ,风华高科,元器件
185,000638.SZ,万方发展,农业综合
186,000639.SZ,西王食品,食品
187,000650.SZ,仁和药业,中成药
188,000651.SZ,格力电器,家用电器
189,000652.SZ,泰达股份,批发业
190,000655.SZ,金岭矿业,普钢
191,000656.SZ,金科股份,全国地产
192,000657.SZ,中钨高新,小金属
193,000659.SZ,珠海中富,广告包装
194,000661.SZ,长春高新,生物制药
195,000663.SZ,永安林业,林业
196,000665.SZ,湖北广电,影视音像
197,000668.SZ,荣丰控股,医药商业
198,000670.SZ,盈方微,元器件
199,000672.SZ,上峰水泥,水泥
200,000676.SZ,智度股份,互联网
201,000677.SZ,恒天海龙,化纤
202,000678.SZ,襄阳轴承,汽车配件
203,000679.SZ,大连友谊,百货
204,000680.SZ,山推股份,工程机械
205,000681.SZ,视觉中国,互联网
206,000682.SZ,东方电子,电气设备
207,000683.SZ,远兴能源,化工原料
208,000685.SZ,中山公用,水务
209,000686.SZ,东北证券,证券
210,000688.SZ,国城矿业,铅锌
211,000690.SZ,宝新能源,火力发电
212,000691.SZ,亚太实业,化工原料
213,000695.SZ,滨海能源,广告包装
214,000698.SZ,沈阳化工,石油加工
215,000700.SZ,模塑科技,汽车配件
216,000701.SZ,厦门信达,商贸代理
217,000702.SZ,正虹科技,饲料
218,000703.SZ,恒逸石化,化纤
219,000705.SZ,浙江震元,医药商业
220,000707.SZ,双环科技,化工原料
221,000708.SZ,中信特钢,特种钢
222,000709.SZ,河钢股份,普钢
223,000710.SZ,贝瑞基因,医疗保健
224,000712.SZ,锦龙股份,证券
225,000713.SZ,丰乐种业,种植业
226,000715.SZ,中兴商业,百货
227,000716.SZ,黑芝麻,食品
228,000717.SZ,中南股份,普钢
229,000718.SZ,苏宁环球,区域地产
230,000719.SZ,中原传媒,出版业
231,000720.SZ,新能泰山,电气设备
232,000721.SZ,西安饮食,酒店餐饮
233,000722.SZ,湖南发展,其他建材
234,000723.SZ,美锦能源,焦炭加工
235,000725.SZ,京东方A,元器件
236,000726.SZ,鲁泰A,纺织
237,000727.SZ,冠捷科技,元器件
238,000728.SZ,国元证券,证券
239,000729.SZ,燕京啤酒,啤酒
240,000731.SZ,四川美丰,农药化肥
241,000733.SZ,振华科技,元器件
242,000735.SZ,罗牛山,农业综合
243,000736.SZ,中交地产,全国地产
244,000737.SZ,北方铜业,铜
245,000738.SZ,航发控制,航空
246,000739.SZ,普洛药业,化学制药
247,000750.SZ,国海证券,证券
248,000751.SZ,锌业股份,铅锌
249,000753.SZ,漳州发展,汽车服务
250,000755.SZ,山西路桥,路桥
251,000756.SZ,新华制药,化学制药
252,000757.SZ,浩物股份,汽车服务
253,000758.SZ,中色股份,铅锌
254,000759.SZ,中百集团,超市连锁
255,000761.SZ,本钢板材,普钢
256,000762.SZ,西藏矿业,小金属
257,000766.SZ,通化金马,化学制药
258,000767.SZ,晋控电力,火力发电
259,000768.SZ,中航西飞,航空
260,000776.SZ,广发证券,证券
261,000777.SZ,中核科技,机械基件
262,000778.SZ,新兴铸管,钢加工
263,000779.SZ,甘咨询,建筑工程
264,000782.SZ,美达股份,化纤
265,000783.SZ,长江证券,证券
266,000785.SZ,居然之家,百货
267,000786.SZ,北新建材,其他建材
268,000788.SZ,北大医药,化学制药
269,000789.SZ,万年青,水泥
270,000790.SZ,华神科技,中成药
271,000791.SZ,甘肃能源,水力发电
272,000792.SZ,盐湖股份,农药化肥
273,000793.SZ,华闻集团,出版业
274,000795.SZ,英洛华,矿物制品
275,000797.SZ,中国武夷,全国地产
276,000798.SZ,中水渔业,渔业
277,000799.SZ,酒鬼酒,白酒
278,000800.SZ,一汽解放,汽车整车
279,000801.SZ,四川九洲,家用电器
280,000802.SZ,北京文化,影视音像
281,000803.SZ,山高环能,环境保护
282,000807.SZ,云铝股份,铝
283,000809.SZ,铁岭新城,区域地产
284,000810.SZ,创维数字,家用电器
285,000811.SZ,冰轮环境,工程机械
286,000812.SZ,陕西金叶,广告包装
287,000813.SZ,德展健康,化学制药
288,000815.SZ,美利云,造纸
289,000816.SZ,智慧农业,农用机械
290,000818.SZ,航锦科技,化工原料
291,000819.SZ,岳阳兴长,石油加工
292,000820.SZ,神雾节能,环境保护
293,000821.SZ,京山轻机,电气设备
294,000822.SZ,山东海化,化工原料
295,000823.SZ,超声电子,元器件
296,000825.SZ,太钢不锈,特种钢
297,000826.SZ,启迪环境,环境保护
298,000828.SZ,东莞控股,路桥
299,000829.SZ,天音控股,其他商业
300,000830.SZ,鲁西化工,农药化肥
301,000831.SZ,中国稀土,小金属
302,000833.SZ,粤桂股份,食品
303,000836.SZ,富通信息,通信设备
304,000837.SZ,秦川机床,机床制造
305,000838.SZ,财信发展,区域地产
306,000848.SZ,承德露露,软饮料
307,000850.SZ,华茂股份,纺织
308,000851.SZ,高鸿股份,通信设备
309,000852.SZ,石化机械,化工机械
310,000856.SZ,冀东装备,专用机械
311,000858.SZ,五粮液,白酒
312,000859.SZ,国风新材,塑料
313,000860.SZ,顺鑫农业,白酒
314,000861.SZ,海印股份,其他商业
315,000862.SZ,银星能源,新型电力
316,000863.SZ,三湘印象,区域地产
317,000868.SZ,安凯客车,汽车整车
318,000869.SZ,张裕A,红黄酒
319,000875.SZ,吉电股份,火力发电
320,000876.SZ,新希望,饲料
321,000877.SZ,天山股份,水泥
322,000878.SZ,云南铜业,铜
323,000880.SZ,潍柴重机,专用机械
324,000881.SZ,中广核技,综合类
325,000882.SZ,华联股份,其他商业
326,000883.SZ,湖北能源,火力发电
327,000885.SZ,城发环境,环境保护
328,000886.SZ,海南高速,区域地产
329,000887.SZ,中鼎股份,汽车配件
330,000888.SZ,峨眉山A,旅游景点
331,000890.SZ,法尔胜,环境保护
332,000892.SZ,欢瑞世纪,影视音像
333,000893.SZ,亚钾国际,农药化肥
334,000895.SZ,双汇发展,食品
335,000897.SZ,津滨发展,区域地产
336,000898.SZ,鞍钢股份,普钢
337,000899.SZ,赣能股份,火力发电
338,000900.SZ,现代投资,路桥
339,000901.SZ,航天科技,汽车配件
340,000902.SZ,新洋丰,农药化肥
341,000903.SZ,云内动力,汽车配件
342,000905.SZ,厦门港务,港口
343,000906.SZ,浙商中拓,仓储物流
344,000908.SZ,景峰医药,化学制药
345,000910.SZ,大亚圣象,家居用品
346,000911.SZ,广农糖业,食品
347,000912.SZ,泸天化,农药化肥
348,000913.SZ,钱江摩托,摩托车
349,000915.SZ,华特达因,化学制药
350,000917.SZ,电广传媒,影视音像
351,000919.SZ,金陵药业,化学制药
352,000920.SZ,沃顿科技,环境保护
353,000921.SZ,海信家电,家用电器
354,000922.SZ,佳电股份,电气设备
355,000923.SZ,河钢资源,普钢
356,000925.SZ,众合科技,运输设备
357,000926.SZ,福星股份,区域地产
358,000927.SZ,中国铁物,仓储物流
359,000928.SZ,中钢国际,建筑工程
360,000929.SZ,兰州黄河,啤酒
361,000930.SZ,中粮科技,农业综合
362,000931.SZ,中关村,化学制药
363,000932.SZ,华菱钢铁,普钢
364,000933.SZ,神火股份,铝
365,000935.SZ,四川双马,水泥
366,000936.SZ,华西股份,化纤
367,000937.SZ,冀中能源,煤炭开采
368,000938.SZ,紫光股份,软件服务
369,000948.SZ,南天信息,软件服务
370,000949.SZ,新乡化纤,化纤
371,000950.SZ,重药控股,医药商业
372,000951.SZ,中国重汽,汽车整车
373,000952.SZ,广济药业,化学制药
374,000953.SZ,河化股份,化学制药
375,000955.SZ,欣龙控股,纺织
376,000957.SZ,中通客车,汽车整车
377,000958.SZ,电投产融,多元金融
378,000959.SZ,首钢股份,普钢
379,000960.SZ,锡业股份,小金属
380,000961.SZ,中南建设,全国地产
381,000962.SZ,东方钽业,小金属
382,000963.SZ,华东医药,化学制药
383,000965.SZ,天保基建,区域地产
384,000966.SZ,长源电力,火力发电
385,000967.SZ,盈峰环境,环境保护
386,000968.SZ,蓝焰控股,石油开采
387,000969.SZ,安泰科技,小金属
388,000970.SZ,中科三环,矿物制品
389,000972.SZ,中基健康,食品
390,000973.SZ,佛塑科技,塑料
391,000975.SZ,银泰黄金,黄金
392,000977.SZ,浪潮信息,IT设备
393,000978.SZ,桂林旅游,旅游景点
394,000980.SZ,众泰汽车,汽车配件
395,000981.SZ,山子股份,汽车配件
396,000982.SZ,中银绒业,电气设备
397,000983.SZ,山西焦煤,煤炭开采
398,000985.SZ,大庆华科,化工原料
399,000987.SZ,越秀资本,多元金融
400,000988.SZ,华工科技,专用机械
401,000989.SZ,九芝堂,中成药
402,000990.SZ,诚志股份,化工原料
403,000993.SZ,闽东电力,水力发电
404,000995.SZ,皇台酒业,白酒
405,000997.SZ,新大陆,IT设备
406,000998.SZ,隆平高科,种植业
407,000999.SZ,华润三九,中成药
408,001201.SZ,东瑞股份,农业综合
409,001202.SZ,炬申股份,仓储物流
410,001203.SZ,大中矿业,普钢
411,001205.SZ,盛航股份,水运
412,001206.SZ,依依股份,造纸
413,001207.SZ,联科科技,化工原料
414,001208.SZ,华菱线缆,电气设备
415,001209.SZ,洪兴股份,服饰
416,001210.SZ,金房能源,供气供热
417,001211.SZ,双枪科技,家居用品
418,001212.SZ,中旗新材,其他建材
419,001213.SZ,中铁特货,仓储物流
420,001215.SZ,千味央厨,食品
421,001216.SZ,华瓷股份,家居用品
422,001217.SZ,华尔泰,化工原料
423,001218.SZ,丽臣实业,化工原料
424,001219.SZ,青岛食品,食品
425,001222.SZ,源飞宠物,文教休闲
426,001223.SZ,欧克科技,专用机械
427,001225.SZ,和泰机电,专用机械
428,001226.SZ,拓山重工,工程机械
429,001227.SZ,兰州银行,银行
430,001228.SZ,永泰运,仓储物流
431,001229.SZ,魅视科技,IT设备
432,001230.SZ,劲旅环境,环境保护
433,001231.SZ,农心科技,农药化肥
434,001234.SZ,泰慕士,服饰
435,001236.SZ,弘业期货,多元金融
436,001238.SZ,浙江正特,家居用品
437,001239.SZ,永达股份,工程机械
438,001255.SZ,博菲电气,化工原料
439,001256.SZ,炜冈科技,轻工机械
440,001258.SZ,立新能源,新型电力
441,001259.SZ,利仁科技,家用电器
442,001260.SZ,坤泰股份,汽车配件
443,001266.SZ,宏英智能,电器仪表
444,001267.SZ,汇绿生态,建筑工程
445,001268.SZ,联合精密,机械基件
446,001269.SZ,欧晶科技,矿物制品
447,001270.SZ,铖昌科技,半导体
448,001278.SZ,一彬科技,汽车配件
449,001282.SZ,三联锻造,汽车配件
450,001283.SZ,豪鹏科技,电气设备
451,001286.SZ,陕西能源,火力发电
452,001287.SZ,中电港,元器件
453,001288.SZ,运机集团,专用机械
454,001289.SZ,龙源电力,新型电力
455,001296.SZ,长江材料,其他建材
456,001298.SZ,好上好,元器件
457,001299.SZ,美能能源,供气供热
458,001300.SZ,三柏硕,文教休闲
459,001301.SZ,尚太科技,电气设备
460,001306.SZ,夏厦精密,机械基件
461,001308.SZ,康冠科技,元器件
462,001309.SZ,德明利,半导体
463,001311.SZ,多利科技,汽车配件
464,001313.SZ,粤海饲料,饲料
465,001314.SZ,亿道信息,元器件
466,001316.SZ,润贝航科,批发业
467,001317.SZ,三羊马,仓储物流
468,001318.SZ,阳光乳业,乳制品
469,001319.SZ,铭科精技,汽车配件
470,001322.SZ,箭牌家居,家居用品
471,001323.SZ,慕思股份,家居用品
472,001324.SZ,长青科技,运输设备
473,001326.SZ,联域股份,电气设备
474,001328.SZ,登康口腔,日用化工
475,001330.SZ,博纳影业,影视音像
476,001331.SZ,胜通能源,仓储物流
477,001332.SZ,锡装股份,专用机械
478,001333.SZ,光华股份,化工原料
479,001336.SZ,楚环科技,专用机械
480,001337.SZ,四川黄金,黄金
481,001338.SZ,永顺泰,啤酒
482,001339.SZ,智微智能,IT设备
483,001358.SZ,兴欣新材,化工原料
484,001360.SZ,南矿集团,工程机械
485,001366.SZ,播恩集团,饲料
486,001367.SZ,海森药业,化学制药
487,001368.SZ,通达创智,文教休闲
488,001373.SZ,翔腾新材,元器件
489,001376.SZ,百通能源,供气供热
490,001378.SZ,德冠新材,塑料
491,001379.SZ,腾达科技,机械基件
492,001380.SZ,华纬科技,汽车配件
493,001387.SZ,雪祺电气,家用电器
494,001696.SZ,宗申动力,摩托车
495,001872.SZ,招商港口,港口
496,001896.SZ,豫能控股,火力发电
497,001914.SZ,招商积余,房产服务
498,001965.SZ,招商公路,路桥
499,001979.SZ,招商蛇口,全国地产
500,002001.SZ,新和成,化学制药
501,002003.SZ,伟星股份,服饰
502,002004.SZ,华邦健康,农药化肥
503,002006.SZ,精工科技,专用机械
504,002007.SZ,华兰生物,生物制药
505,002008.SZ,大族激光,专用机械
506,002009.SZ,天奇股份,工程机械
507,002010.SZ,传化智联,仓储物流
508,002011.SZ,盾安环境,家用电器
509,002012.SZ,凯恩股份,造纸
510,002014.SZ,永新股份,塑料
511,002015.SZ,协鑫能科,新型电力
512,002016.SZ,世荣兆业,区域地产
513,002017.SZ,东信和平,通信设备
514,002019.SZ,亿帆医药,化学制药
515,002020.SZ,京新药业,化学制药
516,002022.SZ,科华生物,医疗保健
517,002023.SZ,海特高新,航空
518,002025.SZ,航天电器,元器件
519,002026.SZ,山东威达,机械基件
520,002027.SZ,分众传媒,广告包装
521,002028.SZ,思源电气,电气设备
522,002029.SZ,七匹狼,服饰
523,002030.SZ,达安基因,医疗保健
524,002031.SZ,巨轮智能,汽车配件
525,002032.SZ,苏泊尔,家用电器
526,002033.SZ,丽江股份,旅游景点
527,002034.SZ,旺能环境,环境保护
528,002035.SZ,华帝股份,家用电器
529,002036.SZ,联创电子,元器件
530,002037.SZ,保利联合,化工原料
531,002038.SZ,双鹭药业,生物制药
532,002039.SZ,黔源电力,水力发电
533,002040.SZ,南京港,港口
534,002041.SZ,登海种业,种植业
535,002042.SZ,华孚时尚,纺织
536,002043.SZ,兔宝宝,其他建材
537,002044.SZ,美年健康,医疗保健
538,002045.SZ,国光电器,元器件
539,002046.SZ,国机精工,机械基件
540,002047.SZ,宝鹰股份,装修装饰
541,002048.SZ,宁波华翔,汽车配件
542,002049.SZ,紫光国微,半导体
543,002050.SZ,三花智控,家用电器
544,002051.SZ,中工国际,建筑工程
545,002053.SZ,云南能投,食品
546,002054.SZ,德美化工,染料涂料
547,002055.SZ,得润电子,元器件
548,002056.SZ,横店东磁,矿物制品
549,002057.SZ,中钢天源,矿物制品
550,002058.SZ,威尔泰,电器仪表
551,002059.SZ,云南旅游,旅游景点
552,002060.SZ,广东建工,建筑工程
553,002061.SZ,浙江交科,建筑工程
554,002062.SZ,宏润建设,建筑工程
555,002063.SZ,远光软件,软件服务
556,002064.SZ,华峰化学,化纤
557,002065.SZ,东华软件,软件服务
558,002066.SZ,瑞泰科技,其他建材
559,002067.SZ,景兴纸业,造纸
560,002068.SZ,黑猫股份,化工原料
561,002069.SZ,獐子岛,渔业
562,002072.SZ,凯瑞德,商贸代理
563,002073.SZ,软控股份,专用机械
564,002074.SZ,国轩高科,电气设备
565,002075.SZ,沙钢股份,特种钢
566,002076.SZ,星光股份,家用电器
567,002077.SZ,大港股份,半导体
568,002078.SZ,太阳纸业,造纸
569,002079.SZ,苏州固锝,半导体
570,002080.SZ,中材科技,玻璃
571,002081.SZ,金螳螂,装修装饰
572,002082.SZ,万邦德,中成药
573,002083.SZ,孚日股份,纺织
574,002084.SZ,海鸥住工,家居用品
575,002085.SZ,万丰奥威,汽车配件
576,002088.SZ,鲁阳节能,矿物制品
577,002090.SZ,金智科技,软件服务
578,002091.SZ,江苏国泰,商贸代理
579,002092.SZ,中泰化学,化工原料
580,002093.SZ,国脉科技,通信设备
581,002094.SZ,青岛金王,日用化工
582,002095.SZ,生意宝,互联网
583,002096.SZ,易普力,化工原料
584,002097.SZ,山河智能,工程机械
585,002098.SZ,浔兴股份,服饰
586,002099.SZ,海翔药业,化学制药
587,002100.SZ,天康生物,饲料
588,002101.SZ,广东鸿图,汽车配件
589,002102.SZ,冠福股份,化学制药
590,002103.SZ,广博股份,文教休闲
591,002104.SZ,恒宝股份,通信设备
592,002105.SZ,信隆健康,摩托车
593,002106.SZ,莱宝高科,元器件
594,002107.SZ,沃华医药,中成药
595,002108.SZ,沧州明珠,塑料
596,002109.SZ,兴化股份,化工原料
597,002110.SZ,三钢闽光,普钢
598,002111.SZ,威海广泰,航空
599,002112.SZ,三变科技,电气设备
600,002114.SZ,罗平锌电,铅锌
601,002115.SZ,三维通信,互联网
602,002116.SZ,中国海诚,建筑工程
603,002117.SZ,东港股份,广告包装
604,002119.SZ,康强电子,半导体
605,002120.SZ,韵达股份,仓储物流
606,002121.SZ,科陆电子,电器仪表
607,002122.SZ,汇洲智能,机械基件
608,002123.SZ,梦网科技,互联网
609,002124.SZ,天邦食品,农业综合
610,002125.SZ,湘潭电化,化工原料
611,002126.SZ,银轮股份,汽车配件
612,002127.SZ,南极电商,互联网
613,002128.SZ,电投能源,铝
614,002129.SZ,TCL中环,电气设备
615,002130.SZ,沃尔核材,电气设备
616,002131.SZ,利欧股份,互联网
617,002132.SZ,恒星科技,钢加工
618,002133.SZ,广宇集团,全国地产
619,002134.SZ,天津普林,元器件
620,002135.SZ,东南网架,钢加工
621,002136.SZ,安纳达,化工原料
622,002137.SZ,实益达,元器件
623,002138.SZ,顺络电子,元器件
624,002139.SZ,拓邦股份,元器件
625,002140.SZ,东华科技,建筑工程
626,002141.SZ,贤丰控股,农业综合
627,002142.SZ,宁波银行,银行
628,002144.SZ,宏达高科,纺织
629,002145.SZ,中核钛白,化工原料
630,002146.SZ,荣盛发展,全国地产
631,002148.SZ,北纬科技,互联网
632,002149.SZ,西部材料,小金属
633,002150.SZ,通润装备,机械基件
634,002151.SZ,北斗星通,通信设备
635,002152.SZ,广电运通,IT设备
636,002153.SZ,石基信息,软件服务
637,002154.SZ,报喜鸟,服饰
638,002155.SZ,湖南黄金,黄金
639,002156.SZ,通富微电,半导体
640,002158.SZ,汉钟精机,工程机械
641,002159.SZ,三特索道,旅游服务
642,002160.SZ,常铝股份,铝
643,002161.SZ,远望谷,通信设备
644,002162.SZ,悦心健康,陶瓷
645,002163.SZ,海南发展,装修装饰
646,002164.SZ,宁波东力,机械基件
647,002165.SZ,红宝丽,化工原料
648,002166.SZ,莱茵生物,中成药
649,002167.SZ,东方锆业,小金属
650,002168.SZ,惠程科技,互联网
651,002169.SZ,智光电气,电气设备
652,002170.SZ,芭田股份,农药化肥
653,002171.SZ,楚江新材,铜
654,002172.SZ,澳洋健康,医疗保健
655,002173.SZ,创新医疗,医疗保健
656,002174.SZ,游族网络,互联网
657,002175.SZ,东方智造,电器仪表
658,002176.SZ,江特电机,小金属
659,002177.SZ,御银股份,其他商业
660,002178.SZ,延华智能,软件服务
661,002179.SZ,中航光电,元器件
662,002180.SZ,纳思达,IT设备
663,002181.SZ,粤传媒,出版业
664,002182.SZ,宝武镁业,小金属
665,002183.SZ,怡亚通,仓储物流
666,002184.SZ,海得控制,软件服务
667,002185.SZ,华天科技,半导体
668,002186.SZ,全聚德,酒店餐饮
669,002187.SZ,广百股份,百货
670,002188.SZ,中天服务,房产服务
671,002189.SZ,中光学,元器件
672,002190.SZ,成飞集成,汽车配件
673,002191.SZ,劲嘉股份,广告包装
674,002192.SZ,融捷股份,小金属
675,002193.SZ,如意集团,纺织
676,002194.SZ,武汉凡谷,通信设备
677,002195.SZ,岩山科技,软件服务
678,002196.SZ,方正电机,纺织机械
679,002197.SZ,证通电子,IT设备
680,002198.SZ,嘉应制药,中成药
681,002199.SZ,东晶电子,元器件
682,002201.SZ,正威新材,玻璃
683,002202.SZ,金风科技,电气设备
684,002203.SZ,海亮股份,铜
685,002204.SZ,大连重工,专用机械
686,002205.SZ,国统股份,其他建材
687,002206.SZ,海利得,化纤
688,002207.SZ,准油股份,石油开采
689,002208.SZ,合肥城建,区域地产
690,002209.SZ,达意隆,轻工机械
691,002210.SZ,飞马国际,环境保护
692,002211.SZ,宏达新材,橡胶
693,002212.SZ,天融信,软件服务
694,002213.SZ,大为股份,半导体
695,002214.SZ,大立科技,电器仪表
696,002215.SZ,诺普信,农药化肥
697,002216.SZ,三全食品,食品
698,002217.SZ,合力泰,元器件
699,002218.SZ,拓日新能,电气设备
700,002219.SZ,新里程,医疗保健
701,002221.SZ,东华能源,石油贸易
702,002222.SZ,福晶科技,元器件
703,002223.SZ,鱼跃医疗,医疗保健
704,002224.SZ,三力士,橡胶
705,002225.SZ,濮耐股份,其他建材
706,002226.SZ,江南化工,化工原料
707,002227.SZ,奥特迅,电气设备
708,002228.SZ,合兴包装,广告包装
709,002229.SZ,鸿博股份,广告包装
710,002230.SZ,科大讯飞,软件服务
711,002231.SZ,奥维通信,通信设备
712,002232.SZ,启明信息,软件服务
713,002233.SZ,塔牌集团,水泥
714,002234.SZ,民和股份,农业综合
715,002235.SZ,安妮股份,造纸
716,002236.SZ,大华股份,IT设备
717,002237.SZ,恒邦股份,黄金
718,002238.SZ,天威视讯,影视音像
719,002239.SZ,奥特佳,汽车配件
720,002240.SZ,盛新锂能,小金属
721,002241.SZ,歌尔股份,元器件
722,002242.SZ,九阳股份,家用电器
723,002243.SZ,力合科创,塑料
724,002244.SZ,滨江集团,区域地产
725,002245.SZ,蔚蓝锂芯,电气设备
726,002246.SZ,北化股份,化工原料
727,002247.SZ,聚力文化,其他建材
728,002248.SZ,华东数控,机床制造
729,002249.SZ,大洋电机,电气设备
730,002250.SZ,联化科技,化工原料
731,002252.SZ,上海莱士,生物制药
732,002253.SZ,川大智胜,软件服务
733,002254.SZ,泰和新材,化纤
734,002255.SZ,海陆重工,专用机械
735,002256.SZ,兆新股份,新型电力
736,002258.SZ,利尔化学,农药化肥
737,002261.SZ,拓维信息,软件服务
738,002262.SZ,恩华药业,化学制药
739,002263.SZ,大东南,塑料
740,002264.SZ,新华都,互联网
741,002265.SZ,建设工业,专用机械
742,002266.SZ,浙富控股,环境保护
743,002267.SZ,陕天然气,供气供热
744,002268.SZ,电科网安,软件服务
745,002269.SZ,美邦服饰,服饰
746,002270.SZ,华明装备,电气设备
747,002271.SZ,东方雨虹,其他建材
748,002272.SZ,川润股份,机械基件
749,002273.SZ,水晶光电,元器件
750,002274.SZ,华昌化工,农药化肥
751,002275.SZ,桂林三金,中成药
752,002276.SZ,万马股份,电气设备
753,002277.SZ,友阿股份,百货
754,002278.SZ,神开股份,化工机械
755,002279.SZ,久其软件,软件服务
756,002280.SZ,联络互动,软件服务
757,002281.SZ,光迅科技,通信设备
758,002282.SZ,博深股份,机械基件
759,002283.SZ,天润工业,汽车配件
760,002284.SZ,亚太股份,汽车配件
761,002285.SZ,世联行,房产服务
762,002286.SZ,保龄宝,食品
763,002287.SZ,奇正藏药,中成药
764,002288.SZ,超华科技,元器件
765,002290.SZ,禾盛新材,家用电器
766,002291.SZ,遥望科技,广告包装
767,002292.SZ,奥飞娱乐,影视音像
768,002293.SZ,罗莱生活,纺织
769,002294.SZ,信立泰,化学制药
770,002295.SZ,精艺股份,铜
771,002296.SZ,辉煌科技,通信设备
772,002297.SZ,博云新材,航空
773,002298.SZ,中电兴发,软件服务
774,002299.SZ,圣农发展,农业综合
775,002300.SZ,太阳电缆,电气设备
776,002301.SZ,齐心集团,文教休闲
777,002302.SZ,西部建设,水泥
778,002303.SZ,美盈森,造纸
779,002304.SZ,洋河股份,白酒
780,002305.SZ,南国置业,区域地产
781,002306.SZ,中科云网,酒店餐饮
782,002307.SZ,北新路桥,建筑工程
783,002308.SZ,威创股份,IT设备
784,002310.SZ,东方园林,建筑工程
785,002311.SZ,海大集团,饲料
786,002312.SZ,川发龙蟒,化工原料
787,002313.SZ,日海智能,通信设备
788,002314.SZ,南山控股,区域地产
789,002315.SZ,焦点科技,互联网
790,002316.SZ,亚联发展,软件服务
791,002317.SZ,众生药业,中成药
792,002318.SZ,久立特材,特种钢
793,002319.SZ,乐通股份,染料涂料
794,002320.SZ,海峡股份,水运
795,002321.SZ,华英农业,农业综合
796,002322.SZ,理工能科,软件服务
797,002323.SZ,雅博股份,建筑工程
798,002324.SZ,普利特,塑料
799,002325.SZ,洪涛股份,装修装饰
800,002326.SZ,永太科技,化工原料
801,002327.SZ,富安娜,纺织
802,002328.SZ,新朋股份,汽车配件
803,002329.SZ,皇氏集团,乳制品
804,002330.SZ,得利斯,食品
805,002331.SZ,皖通科技,软件服务
806,002332.SZ,仙琚制药,化学制药
807,002333.SZ,罗普斯金,其他建材
808,002334.SZ,英威腾,电气设备
809,002335.SZ,科华数据,电气设备
810,002336.SZ,人人乐,超市连锁
811,002337.SZ,赛象科技,化工机械
812,002338.SZ,奥普光电,电器仪表
813,002339.SZ,积成电子,电气设备
814,002340.SZ,格林美,小金属
815,002341.SZ,新纶新材,化工原料
816,002342.SZ,巨力索具,机械基件
817,002343.SZ,慈文传媒,影视音像
818,002344.SZ,海宁皮城,商品城
819,002345.SZ,潮宏基,服饰
820,002346.SZ,柘中股份,电气设备
821,002347.SZ,泰尔股份,机械基件
822,002348.SZ,高乐股份,文教休闲
823,002349.SZ,精华制药,中成药
824,002350.SZ,北京科锐,电气设备
825,002351.SZ,漫步者,IT设备
826,002352.SZ,顺丰控股,仓储物流
827,002353.SZ,杰瑞股份,化工机械
828,002354.SZ,天娱数科,互联网
829,002355.SZ,兴民智通,汽车配件
830,002356.SZ,赫美集团,其他商业
831,002357.SZ,富临运业,公路
832,002358.SZ,森源电气,电气设备
833,002360.SZ,同德化工,化工原料
834,002361.SZ,神剑股份,化工原料
835,002362.SZ,汉王科技,软件服务
836,002363.SZ,隆基机械,汽车配件
837,002364.SZ,中恒电气,电气设备
838,002365.SZ,永安药业,化学制药
839,002366.SZ,融发核电,专用机械
840,002367.SZ,康力电梯,运输设备
841,002368.SZ,太极股份,软件服务
842,002369.SZ,卓翼科技,通信设备
843,002370.SZ,亚太药业,化学制药
844,002371.SZ,北方华创,半导体
845,002372.SZ,伟星新材,其他建材
846,002373.SZ,千方科技,软件服务
847,002374.SZ,中锐股份,广告包装
848,002375.SZ,亚厦股份,装修装饰
849,002376.SZ,新北洋,IT设备
850,002377.SZ,国创高新,其他建材
851,002378.SZ,章源钨业,小金属
852,002379.SZ,宏创控股,铝
853,002380.SZ,科远智慧,软件服务
854,002381.SZ,双箭股份,橡胶
855,002382.SZ,蓝帆医疗,医疗保健
856,002383.SZ,合众思壮,通信设备
857,002384.SZ,东山精密,元器件
858,002385.SZ,大北农,饲料
859,002386.SZ,天原股份,化工原料
860,002387.SZ,维信诺,元器件
861,002388.SZ,新亚制程,元器件
862,002389.SZ,航天彩虹,航空
863,002390.SZ,信邦制药,医药商业
864,002391.SZ,长青股份,农药化肥
865,002392.SZ,北京利尔,其他建材
866,002393.SZ,力生制药,化学制药
867,002394.SZ,联发股份,纺织
868,002395.SZ,双象股份,塑料
869,002396.SZ,星网锐捷,通信设备
870,002397.SZ,梦洁股份,纺织
871,002398.SZ,垒知集团,其他建材
872,002399.SZ,海普瑞,化学制药
873,002400.SZ,省广集团,广告包装
874,002401.SZ,中远海科,软件服务
875,002402.SZ,和而泰,元器件
876,002403.SZ,爱仕达,家用电器
877,002404.SZ,嘉欣丝绸,纺织
878,002405.SZ,四维图新,软件服务
879,002406.SZ,远东传动,汽车配件
880,002407.SZ,多氟多,化工原料
881,002408.SZ,齐翔腾达,化工原料
882,002409.SZ,雅克科技,半导体
883,002410.SZ,广联达,软件服务
884,002412.SZ,汉森制药,中成药
885,002413.SZ,雷科防务,通信设备
886,002414.SZ,高德红外,电器仪表
887,002415.SZ,海康威视,IT设备
888,002416.SZ,爱施德,电器连锁
889,002418.SZ,康盛股份,家用电器
890,002419.SZ,天虹股份,百货
891,002420.SZ,毅昌科技,家用电器
892,002421.SZ,达实智能,软件服务
893,002422.SZ,科伦药业,化学制药
894,002423.SZ,中粮资本,多元金融
895,002424.SZ,贵州百灵,中成药
896,002425.SZ,凯撒文化,互联网
897,002426.SZ,胜利精密,元器件
898,002427.SZ,尤夫股份,化纤
899,002428.SZ,云南锗业,小金属
900,002429.SZ,兆驰股份,家用电器
901,002430.SZ,杭氧股份,化工机械
902,002431.SZ,棕榈股份,建筑工程
903,002432.SZ,九安医疗,医疗保健
904,002434.SZ,万里扬,汽车配件
905,002435.SZ,长江健康,化学制药
906,002436.SZ,兴森科技,元器件
907,002437.SZ,誉衡药业,化学制药
908,002438.SZ,江苏神通,机械基件
909,002439.SZ,启明星辰,软件服务
910,002440.SZ,闰土股份,染料涂料
911,002441.SZ,众业达,电气设备
912,002442.SZ,龙星化工,化工原料
913,002443.SZ,金洲管道,钢加工
914,002444.SZ,巨星科技,轻工机械
915,002445.SZ,中南文化,钢加工
916,002446.SZ,盛路通信,通信设备
917,002448.SZ,中原内配,汽车配件
918,002449.SZ,国星光电,半导体
919,002451.SZ,摩恩电气,电气设备
920,002452.SZ,长高电新,电气设备
921,002453.SZ,华软科技,化工原料
922,002454.SZ,松芝股份,汽车配件
923,002455.SZ,百川股份,化工原料
924,002456.SZ,欧菲光,元器件
925,002457.SZ,青龙管业,塑料
926,002458.SZ,益生股份,农业综合
927,002459.SZ,晶澳科技,电气设备
928,002460.SZ,赣锋锂业,小金属
929,002461.SZ,珠江啤酒,啤酒
930,002462.SZ,嘉事堂,医药商业
931,002463.SZ,沪电股份,元器件
932,002465.SZ,海格通信,通信设备
933,002466.SZ,天齐锂业,小金属
934,002467.SZ,二六三,互联网
935,002468.SZ,申通快递,仓储物流
936,002469.SZ,三维化学,化工原料
937,002470.SZ,金正大,农药化肥
938,002471.SZ,中超控股,电气设备
939,002472.SZ,双环传动,汽车配件
940,002474.SZ,榕基软件,软件服务
941,002475.SZ,立讯精密,元器件
942,002476.SZ,宝莫股份,化工原料
943,002478.SZ,常宝股份,钢加工
944,002479.SZ,富春环保,环境保护
945,002480.SZ,新筑股份,机械基件
946,002481.SZ,双塔食品,食品
947,002483.SZ,润邦股份,工程机械
948,002484.SZ,江海股份,元器件
949,002486.SZ,嘉麟杰,服饰
950,002487.SZ,大金重工,电气设备
951,002488.SZ,金固股份,汽车配件
952,002489.SZ,浙江永强,家居用品
953,002490.SZ,山东墨龙,化工机械
954,002491.SZ,通鼎互联,通信设备
955,002492.SZ,恒基达鑫,仓储物流
956,002493.SZ,荣盛石化,化纤
957,002494.SZ,华斯股份,服饰
958,002495.SZ,佳隆股份,食品
959,002496.SZ,辉丰股份,农药化肥
960,002497.SZ,雅化集团,小金属
961,002498.SZ,汉缆股份,电气设备
962,002500.SZ,山西证券,证券
963,002501.SZ,利源股份,铝
964,002505.SZ,鹏都农牧,商贸代理
965,002506.SZ,协鑫集成,电气设备
966,002507.SZ,涪陵榨菜,食品
967,002508.SZ,老板电器,家用电器
968,002510.SZ,天汽模,汽车配件
969,002511.SZ,中顺洁柔,造纸
970,002512.SZ,达华智能,元器件
971,002513.SZ,蓝丰生化,农药化肥
972,002514.SZ,宝馨科技,机械基件
973,002515.SZ,金字火腿,食品
974,002516.SZ,旷达科技,汽车配件
975,002517.SZ,恺英网络,互联网
976,002518.SZ,科士达,电气设备
977,002519.SZ,银河电子,通信设备
978,002520.SZ,日发精机,机床制造
979,002521.SZ,齐峰新材,造纸
980,002522.SZ,浙江众成,塑料
981,002523.SZ,天桥起重,工程机械
982,002524.SZ,光正眼科,医疗保健
983,002526.SZ,山东矿机,工程机械
984,002527.SZ,新时达,电器仪表
985,002528.SZ,英飞拓,IT设备
986,002529.SZ,海源复材,专用机械
987,002530.SZ,金财互联,专用机械
988,002531.SZ,天顺风能,电气设备
989,002532.SZ,天山铝业,铝
990,002533.SZ,金杯电工,电气设备
991,002534.SZ,西子洁能,专用机械
992,002535.SZ,林州重机,工程机械
993,002536.SZ,飞龙股份,汽车配件
994,002537.SZ,海联金汇,汽车配件
995,002538.SZ,司尔特,农药化肥
996,002539.SZ,云图控股,农药化肥
997,002540.SZ,亚太科技,铝
998,002541.SZ,鸿路钢构,钢加工
999,002542.SZ,中化岩土,建筑工程
1000,002543.SZ,万和电气,家用电器
1001,002544.SZ,普天科技,通信设备
1002,002545.SZ,东方铁塔,农药化肥
1003,002546.SZ,新联电子,电气设备
1004,002547.SZ,春兴精工,汽车配件
1005,002548.SZ,金新农,饲料
1006,002549.SZ,凯美特气,环境保护
1007,002550.SZ,千红制药,生物制药
1008,002551.SZ,尚荣医疗,医疗保健
1009,002552.SZ,宝鼎科技,元器件
1010,002553.SZ,南方精工,汽车配件
1011,002554.SZ,惠博普,石油开采
1012,002555.SZ,三七互娱,互联网
1013,002556.SZ,辉隆股份,农药化肥
1014,002557.SZ,洽洽食品,食品
1015,002558.SZ,巨人网络,互联网
1016,002559.SZ,亚威股份,机床制造
1017,002560.SZ,通达股份,电气设备
1018,002561.SZ,徐家汇,百货
1019,002562.SZ,兄弟科技,化学制药
1020,002563.SZ,森马服饰,服饰
1021,002565.SZ,顺灏股份,造纸
1022,002566.SZ,益盛药业,中成药
1023,002567.SZ,唐人神,饲料
1024,002568.SZ,百润股份,红黄酒
1025,002570.SZ,贝因美,乳制品
1026,002571.SZ,德力股份,家居用品
1027,002572.SZ,索菲亚,家居用品
1028,002573.SZ,清新环境,环境保护
1029,002574.SZ,明牌珠宝,服饰
1030,002575.SZ,群兴玩具,文教休闲
1031,002576.SZ,通达动力,电气设备
1032,002577.SZ,雷柏科技,IT设备
1033,002578.SZ,闽发铝业,铝
1034,002579.SZ,中京电子,元器件
1035,002580.SZ,圣阳股份,电气设备
1036,002581.SZ,未名医药,生物制药
1037,002582.SZ,好想你,食品
1038,002583.SZ,海能达,通信设备
1039,002584.SZ,西陇科学,化工原料
1040,002585.SZ,双星新材,塑料
1041,002587.SZ,奥拓电子,元器件
1042,002588.SZ,史丹利,农药化肥
1043,002589.SZ,瑞康医药,医药商业
1044,002590.SZ,万安科技,汽车配件
1045,002591.SZ,恒大高新,环境保护
1046,002593.SZ,日上集团,钢加工
1047,002594.SZ,比亚迪,汽车整车
1048,002595.SZ,豪迈科技,专用机械
1049,002596.SZ,海南瑞泽,其他建材
1050,002597.SZ,金禾实业,食品
1051,002598.SZ,山东章鼓,机械基件
1052,002599.SZ,盛通股份,广告包装
1053,002600.SZ,领益智造,元器件
1054,002601.SZ,龙佰集团,化工原料
1055,002602.SZ,世纪华通,互联网
1056,002603.SZ,以岭药业,中成药
1057,002605.SZ,姚记科技,互联网
1058,002606.SZ,大连电瓷,电气设备
1059,002607.SZ,中公教育,文教休闲
1060,002608.SZ,江苏国信,火力发电
1061,002609.SZ,捷顺科技,软件服务
1062,002610.SZ,爱康科技,电气设备
1063,002611.SZ,东方精工,轻工机械
1064,002612.SZ,朗姿股份,服饰
1065,002613.SZ,北玻股份,专用机械
1066,002614.SZ,奥佳华,家用电器
1067,002615.SZ,哈尔斯,家居用品
1068,002616.SZ,长青集团,环境保护
1069,002617.SZ,露笑科技,电气设备
1070,002620.SZ,瑞和股份,装修装饰
1071,002621.SZ,美吉姆,文教休闲
1072,002622.SZ,皓宸医疗,电气设备
1073,002623.SZ,亚玛顿,玻璃
1074,002624.SZ,完美世界,互联网
1075,002625.SZ,光启技术,航空
1076,002626.SZ,金达威,医疗保健
1077,002627.SZ,三峡旅游,公共交通
1078,002628.SZ,成都路桥,建筑工程
1079,002629.SZ,仁智股份,石油开采
1080,002630.SZ,华西能源,专用机械
1081,002631.SZ,德尔未来,家居用品
1082,002632.SZ,道明光学,塑料
1083,002633.SZ,申科股份,机械基件
1084,002634.SZ,棒杰股份,服饰
1085,002635.SZ,安洁科技,元器件
1086,002636.SZ,金安国纪,元器件
1087,002637.SZ,赞宇科技,日用化工
1088,002638.SZ,勤上股份,半导体
1089,002639.SZ,雪人股份,专用机械
1090,002640.SZ,跨境通,互联网
1091,002641.SZ,公元股份,塑料
1092,002642.SZ,荣联科技,软件服务
1093,002643.SZ,万润股份,化工原料
1094,002644.SZ,佛慈制药,中成药
1095,002645.SZ,华宏科技,专用机械
1096,002646.SZ,天佑德酒,白酒
1097,002647.SZ,仁东控股,多元金融
1098,002648.SZ,卫星化学,化工原料
1099,002649.SZ,博彦科技,软件服务
1100,002650.SZ,加加食品,食品
1101,002651.SZ,利君股份,专用机械
1102,002652.SZ,扬子新材,其他建材
1103,002653.SZ,海思科,化学制药
1104,002654.SZ,万润科技,互联网
1105,002655.SZ,共达电声,元器件
1106,002657.SZ,中科金财,软件服务
1107,002658.SZ,雪迪龙,环境保护
1108,002659.SZ,凯文教育,文教休闲
1109,002660.SZ,茂硕电源,电气设备
1110,002661.SZ,克明食品,食品
1111,002662.SZ,京威股份,汽车配件
1112,002663.SZ,普邦股份,建筑工程
1113,002664.SZ,信质集团,汽车配件
1114,002665.SZ,首航高科,电气设备
1115,002666.SZ,德联集团,化工原料
1116,002667.SZ,威领股份,工程机械
1117,002668.SZ,奥马电器,家用电器
1118,002669.SZ,康达新材,化工原料
1119,002670.SZ,国盛金控,证券
1120,002671.SZ,龙泉股份,水泥
1121,002672.SZ,东江环保,环境保护
1122,002673.SZ,西部证券,证券
1123,002674.SZ,兴业科技,纺织
1124,002675.SZ,东诚药业,化学制药
1125,002676.SZ,顺威股份,家用电器
1126,002677.SZ,浙江美大,家用电器
1127,002678.SZ,珠江钢琴,文教休闲
1128,002679.SZ,福建金森,林业
1129,002681.SZ,奋达科技,元器件
1130,002682.SZ,龙洲股份,仓储物流
1131,002683.SZ,广东宏大,化工原料
1132,002685.SZ,华东重机,机床制造
1133,002686.SZ,亿利达,专用机械
1134,002687.SZ,乔治白,服饰
1135,002688.SZ,金河生物,农业综合
1136,002689.SZ,远大智能,运输设备
1137,002690.SZ,美亚光电,专用机械
1138,002691.SZ,冀凯股份,专用机械
1139,002692.SZ,远程股份,电气设备
1140,002693.SZ,双成药业,生物制药
1141,002694.SZ,顾地科技,塑料
1142,002695.SZ,煌上煌,食品
1143,002696.SZ,百洋股份,饲料
1144,002697.SZ,红旗连锁,超市连锁
1145,002698.SZ,博实股份,化工机械
1146,002701.SZ,奥瑞金,广告包装
1147,002702.SZ,海欣食品,食品
1148,002703.SZ,浙江世宝,汽车配件
1149,002705.SZ,新宝股份,家用电器
1150,002706.SZ,良信股份,电气设备
1151,002707.SZ,众信旅游,旅游服务
1152,002708.SZ,光洋股份,汽车配件
1153,002709.SZ,天赐材料,化工原料
1154,002712.SZ,思美传媒,广告包装
1155,002713.SZ,东易日盛,装修装饰
1156,002714.SZ,牧原股份,农业综合
1157,002715.SZ,登云股份,汽车配件
1158,002716.SZ,金贵银业,小金属
1159,002717.SZ,岭南股份,环境保护
1160,002718.SZ,友邦吊顶,其他建材
1161,002719.SZ,麦趣尔,乳制品
1162,002722.SZ,物产金轮,纺织机械
1163,002723.SZ,小崧股份,家用电器
1164,002724.SZ,海洋王,元器件
1165,002725.SZ,跃岭股份,汽车配件
1166,002726.SZ,龙大美食,食品
1167,002727.SZ,一心堂,医药商业
1168,002728.SZ,特一药业,中成药
1169,002729.SZ,好利科技,元器件
1170,002730.SZ,电光科技,专用机械
1171,002731.SZ,萃华珠宝,服饰
1172,002732.SZ,燕塘乳业,乳制品
1173,002733.SZ,雄韬股份,电气设备
1174,002734.SZ,利民股份,农药化肥
1175,002735.SZ,王子新材,塑料
1176,002736.SZ,国信证券,证券
1177,002737.SZ,葵花药业,中成药
1178,002738.SZ,中矿资源,小金属
1179,002739.SZ,万达电影,影视音像
1180,002741.SZ,光华科技,化工原料
1181,002743.SZ,富煌钢构,钢加工
1182,002745.SZ,木林森,元器件
1183,002746.SZ,仙坛股份,农业综合
1184,002747.SZ,埃斯顿,机械基件
1185,002748.SZ,世龙实业,化工原料
1186,002749.SZ,国光股份,农药化肥
1187,002750.SZ,龙津药业,中成药
1188,002752.SZ,昇兴股份,广告包装
1189,002753.SZ,永东股份,化工原料
1190,002755.SZ,奥赛康,化学制药
1191,002756.SZ,永兴材料,小金属
1192,002757.SZ,南兴股份,专用机械
1193,002758.SZ,浙农股份,汽车服务
1194,002759.SZ,天际股份,家用电器
1195,002760.SZ,凤形股份,机械基件
1196,002761.SZ,浙江建投,建筑工程
1197,002762.SZ,金发拉比,服饰
1198,002763.SZ,汇洁股份,服饰
1199,002765.SZ,蓝黛科技,元器件
1200,002766.SZ,索菱股份,汽车配件
1201,002767.SZ,先锋电子,电器仪表
1202,002768.SZ,国恩股份,塑料
1203,002769.SZ,普路通,仓储物流
1204,002771.SZ,真视通,软件服务
1205,002772.SZ,众兴菌业,种植业
1206,002773.SZ,康弘药业,化学制药
1207,002774.SZ,快意电梯,运输设备
1208,002775.SZ,文科股份,建筑工程
1209,002777.SZ,久远银海,软件服务
1210,002778.SZ,中晟高科,环境保护
1211,002779.SZ,中坚科技,农用机械
1212,002780.SZ,三夫户外,服饰
1213,002782.SZ,可立克,电气设备
1214,002783.SZ,凯龙股份,化工原料
1215,002785.SZ,万里石,其他建材
1216,002786.SZ,银宝山新,专用机械
1217,002787.SZ,华源控股,广告包装
1218,002788.SZ,鹭燕医药,医药商业
1219,002789.SZ,建艺集团,装修装饰
1220,002790.SZ,瑞尔特,家居用品
1221,002791.SZ,坚朗五金,其他建材
1222,002792.SZ,通宇通讯,通信设备
1223,002793.SZ,罗欣药业,化学制药
1224,002795.SZ,永和智控,机械基件
1225,002796.SZ,世嘉科技,通信设备
1226,002797.SZ,第一创业,证券
1227,002798.SZ,帝欧家居,家居用品
1228,002799.SZ,环球印务,广告包装
1229,002801.SZ,微光股份,电气设备
1230,002802.SZ,洪汇新材,化工原料
1231,002803.SZ,吉宏股份,互联网
1232,002805.SZ,丰元股份,电气设备
1233,002806.SZ,华锋股份,汽车配件
1234,002807.SZ,江阴银行,银行
1235,002809.SZ,红墙股份,化工原料
1236,002810.SZ,山东赫达,化工原料
1237,002811.SZ,郑中设计,装修装饰
1238,002812.SZ,恩捷股份,电气设备
1239,002813.SZ,路畅科技,汽车配件
1240,002815.SZ,崇达技术,元器件
1241,002817.SZ,黄山胶囊,化学制药
1242,002818.SZ,富森美,其他商业
1243,002819.SZ,东方中科,电器仪表
1244,002820.SZ,桂发祥,食品
1245,002821.SZ,凯莱英,生物制药
1246,002822.SZ,中装建设,装修装饰
1247,002823.SZ,凯中精密,机械基件
1248,002824.SZ,和胜股份,铝
1249,002825.SZ,纳尔股份,化工原料
1250,002826.SZ,易明医药,化学制药
1251,002827.SZ,高争民爆,化工原料
1252,002828.SZ,贝肯能源,石油开采
1253,002829.SZ,星网宇达,航空
1254,002830.SZ,名雕股份,装修装饰
1255,002831.SZ,裕同科技,广告包装
1256,002832.SZ,比音勒芬,服饰
1257,002833.SZ,弘亚数控,专用机械
1258,002835.SZ,同为股份,IT设备
1259,002836.SZ,新宏泽,广告包装
1260,002837.SZ,英维克,专用机械
1261,002838.SZ,道恩股份,塑料
1262,002839.SZ,张家港行,银行
1263,002840.SZ,华统股份,食品
1264,002841.SZ,视源股份,元器件
1265,002842.SZ,翔鹭钨业,小金属
1266,002843.SZ,泰嘉股份,钢加工
1267,002845.SZ,同兴达,元器件
1268,002846.SZ,英联股份,广告包装
1269,002847.SZ,盐津铺子,食品
1270,002848.SZ,高斯贝尔,家用电器
1271,002849.SZ,威星智能,电器仪表
1272,002850.SZ,科达利,电气设备
1273,002851.SZ,麦格米特,电气设备
1274,002852.SZ,道道全,食品
1275,002853.SZ,皮阿诺,家居用品
1276,002855.SZ,捷荣技术,元器件
1277,002856.SZ,美芝股份,装修装饰
1278,002857.SZ,三晖电气,电器仪表
1279,002858.SZ,力盛体育,文教休闲
1280,002859.SZ,洁美科技,元器件
1281,002860.SZ,星帅尔,家用电器
1282,002861.SZ,瀛通通讯,元器件
1283,002862.SZ,实丰文化,文教休闲
1284,002863.SZ,今飞凯达,汽车配件
1285,002864.SZ,盘龙药业,中成药
1286,002865.SZ,钧达股份,电气设备
1287,002866.SZ,传艺科技,IT设备
1288,002867.SZ,周大生,服饰
1289,002868.SZ,绿康生化,农业综合
1290,002869.SZ,金溢科技,通信设备
1291,002870.SZ,香山股份,汽车配件
1292,002871.SZ,伟隆股份,机械基件
1293,002873.SZ,新天药业,中成药
1294,002875.SZ,安奈儿,服饰
1295,002876.SZ,三利谱,元器件
1296,002877.SZ,智能自控,机械基件
1297,002878.SZ,元隆雅图,广告包装
1298,002879.SZ,长缆科技,电气设备
1299,002880.SZ,卫光生物,生物制药
1300,002881.SZ,美格智能,通信设备
1301,002882.SZ,金龙羽,电气设备
1302,002883.SZ,中设股份,建筑工程
1303,002884.SZ,凌霄泵业,机械基件
1304,002885.SZ,京泉华,元器件
1305,002886.SZ,沃特股份,塑料
1306,002887.SZ,绿茵生态,环境保护
1307,002888.SZ,惠威科技,元器件
1308,002889.SZ,东方嘉盛,仓储物流
1309,002890.SZ,弘宇股份,农用机械
1310,002891.SZ,中宠股份,饲料
1311,002892.SZ,科力尔,电气设备
1312,002893.SZ,京能热力,供气供热
1313,002895.SZ,川恒股份,化工原料
1314,002896.SZ,中大力德,机械基件
1315,002897.SZ,意华股份,元器件
1316,002898.SZ,赛隆药业,化学制药
1317,002899.SZ,英派斯,文教休闲
1318,002900.SZ,哈三联,化学制药
1319,002901.SZ,大博医疗,医疗保健
1320,002902.SZ,铭普光磁,通信设备
1321,002903.SZ,宇环数控,机床制造
1322,002905.SZ,金逸影视,影视音像
1323,002906.SZ,华阳集团,汽车配件
1324,002907.SZ,华森制药,中成药
1325,002908.SZ,德生科技,元器件
1326,002909.SZ,集泰股份,化工原料
1327,002910.SZ,庄园牧场,乳制品
1328,002911.SZ,佛燃能源,供气供热
1329,002912.SZ,中新赛克,IT设备
1330,002913.SZ,奥士康,元器件
1331,002915.SZ,中欣氟材,化工原料
1332,002916.SZ,深南电路,元器件
1333,002917.SZ,金奥博,化工原料
1334,002918.SZ,蒙娜丽莎,陶瓷
1335,002919.SZ,名臣健康,互联网
1336,002920.SZ,德赛西威,汽车配件
1337,002921.SZ,联诚精密,汽车配件
1338,002922.SZ,伊戈尔,电气设备
1339,002923.SZ,润都股份,化学制药
1340,002925.SZ,盈趣科技,元器件
1341,002926.SZ,华西证券,证券
1342,002927.SZ,泰永长征,电气设备
1343,002928.SZ,华夏航空,空运
1344,002929.SZ,润建股份,通信设备
1345,002930.SZ,宏川智慧,仓储物流
1346,002931.SZ,锋龙股份,机械基件
1347,002932.SZ,明德生物,医疗保健
1348,002933.SZ,新兴装备,航空
1349,002935.SZ,天奥电子,航空
1350,002936.SZ,郑州银行,银行
1351,002937.SZ,兴瑞科技,元器件
1352,002938.SZ,鹏鼎控股,元器件
1353,002939.SZ,长城证券,证券
1354,002940.SZ,昂利康,化学制药
1355,002941.SZ,新疆交建,建筑工程
1356,002942.SZ,新农股份,农药化肥
1357,002943.SZ,宇晶股份,机床制造
1358,002945.SZ,华林证券,证券
1359,002946.SZ,新乳业,乳制品
1360,002947.SZ,恒铭达,元器件
1361,002948.SZ,青岛银行,银行
1362,002949.SZ,华阳国际,建筑工程
1363,002950.SZ,奥美医疗,医疗保健
1364,002952.SZ,亚世光电,元器件
1365,002953.SZ,日丰股份,电气设备
1366,002955.SZ,鸿合科技,IT设备
1367,002956.SZ,西麦食品,食品
1368,002957.SZ,科瑞技术,专用机械
1369,002958.SZ,青农商行,银行
1370,002959.SZ,小熊电器,家用电器
1371,002960.SZ,青鸟消防,专用机械
1372,002961.SZ,瑞达期货,多元金融
1373,002962.SZ,五方光电,元器件
1374,002963.SZ,豪尔赛,装修装饰
1375,002965.SZ,祥鑫科技,汽车配件
1376,002966.SZ,苏州银行,银行
1377,002967.SZ,广电计量,电器仪表
1378,002968.SZ,新大正,房产服务
1379,002969.SZ,嘉美包装,广告包装
1380,002970.SZ,锐明技术,IT设备
1381,002971.SZ,和远气体,化工原料
1382,002972.SZ,科安达,运输设备
1383,002973.SZ,侨银股份,环境保护
1384,002975.SZ,博杰股份,专用机械
1385,002976.SZ,瑞玛精密,汽车配件
1386,002977.SZ,天箭科技,通信设备
1387,002978.SZ,安宁股份,小金属
1388,002979.SZ,雷赛智能,专用机械
1389,002980.SZ,华盛昌,电器仪表
1390,002981.SZ,朝阳科技,元器件
1391,002982.SZ,湘佳股份,农业综合
1392,002983.SZ,芯瑞达,元器件
1393,002984.SZ,森麒麟,汽车配件
1394,002985.SZ,北摩高科,航空
1395,002986.SZ,宇新股份,化工原料
1396,002987.SZ,京北方,软件服务
1397,002988.SZ,豪美新材,铝
1398,002989.SZ,中天精装,装修装饰
1399,002990.SZ,盛视科技,软件服务
1400,002991.SZ,甘源食品,食品
1401,002992.SZ,宝明科技,元器件
1402,002993.SZ,奥海科技,元器件
1403,002995.SZ,天地在线,互联网
1404,002996.SZ,顺博合金,铝
1405,002997.SZ,瑞鹄模具,专用机械
1406,002998.SZ,优彩资源,化纤
1407,002999.SZ,天禾股份,批发业
1408,003000.SZ,劲仔食品,食品
1409,003001.SZ,中岩大地,建筑工程
1410,003002.SZ,壶化股份,化工原料
1411,003003.SZ,天元股份,广告包装
1412,003004.SZ,声迅股份,软件服务
1413,003005.SZ,竞业达,软件服务
1414,003006.SZ,百亚股份,造纸
1415,003007.SZ,直真科技,软件服务
1416,003008.SZ,开普检测,电气设备
1417,003009.SZ,中天火箭,航空
1418,003010.SZ,若羽臣,互联网
1419,003011.SZ,海象新材,家居用品
1420,003012.SZ,东鹏控股,陶瓷
1421,003013.SZ,地铁设计,建筑工程
1422,003015.SZ,日久光电,元器件
1423,003016.SZ,欣贺股份,服饰
1424,003017.SZ,大洋生物,化工原料
1425,003018.SZ,金富科技,塑料
1426,003019.SZ,宸展光电,元器件
1427,003020.SZ,立方制药,化学制药
1428,003021.SZ,兆威机电,元器件
1429,003022.SZ,联泓新科,化工原料
1430,003023.SZ,彩虹集团,家用电器
1431,003025.SZ,思进智能,机床制造
1432,003026.SZ,中晶科技,半导体
1433,003027.SZ,同兴环保,环境保护
1434,003028.SZ,振邦智能,元器件
1435,003029.SZ,吉大正元,软件服务
1436,003030.SZ,祖名股份,食品
1437,003031.SZ,中瓷电子,元器件
1438,003032.SZ,传智教育,文教休闲
1439,003033.SZ,征和工业,汽车配件
1440,003035.SZ,南网能源,新型电力
1441,003036.SZ,泰坦股份,纺织机械
1442,003037.SZ,三和管桩,水泥
1443,003038.SZ,鑫铂股份,铝
1444,003039.SZ,顺控发展,水务
1445,003040.SZ,楚天龙,通信设备
1446,003041.SZ,真爱美家,纺织
1447,003042.SZ,中农联合,农药化肥
1448,003043.SZ,华亚智能,半导体
1449,003816.SZ,中国广核,新型电力
1450,600000.SH,浦发银行,银行
1451,600004.SH,白云机场,机场
1452,600006.SH,东风汽车,汽车整车
1453,600007.SH,中国国贸,园区开发
1454,600008.SH,首创环保,环境保护
1455,600009.SH,上海机场,机场
1456,600010.SH,包钢股份,普钢
1457,600011.SH,华能国际,火力发电
1458,600012.SH,皖通高速,路桥
1459,600015.SH,华夏银行,银行
1460,600016.SH,民生银行,银行
1461,600017.SH,日照港,港口
1462,600018.SH,上港集团,港口
1463,600019.SH,宝钢股份,普钢
1464,600020.SH,中原高速,路桥
1465,600021.SH,上海电力,火力发电
1466,600022.SH,山东钢铁,普钢
1467,600023.SH,浙能电力,火力发电
1468,600025.SH,华能水电,水力发电
1469,600026.SH,中远海能,水运
1470,600027.SH,华电国际,火力发电
1471,600028.SH,中国石化,石油加工
1472,600029.SH,南方航空,空运
1473,600030.SH,中信证券,证券
1474,600031.SH,三一重工,工程机械
1475,600032.SH,浙江新能,新型电力
1476,600033.SH,福建高速,路桥
1477,600035.SH,楚天高速,路桥
1478,600036.SH,招商银行,银行
1479,600037.SH,歌华有线,影视音像
1480,600038.SH,中直股份,航空
1481,600039.SH,四川路桥,建筑工程
1482,600048.SH,保利发展,全国地产
1483,600050.SH,中国联通,电信运营
1484,600051.SH,宁波联合,综合类
1485,600052.SH,东望时代,供气供热
1486,600053.SH,九鼎投资,多元金融
1487,600054.SH,黄山旅游,旅游景点
1488,600055.SH,万东医疗,医疗保健
1489,600056.SH,中国医药,医药商业
1490,600057.SH,厦门象屿,仓储物流
1491,600058.SH,五矿发展,商贸代理
1492,600059.SH,古越龙山,红黄酒
1493,600060.SH,海信视像,家用电器
1494,600061.SH,国投资本,证券
1495,600062.SH,华润双鹤,化学制药
1496,600063.SH,皖维高新,化纤
1497,600064.SH,南京高科,园区开发
1498,600066.SH,宇通客车,汽车整车
1499,600067.SH,冠城大通,区域地产
1500,600071.SH,凤凰光学,元器件
1501,600072.SH,中船科技,船舶
1502,600073.SH,上海梅林,食品
1503,600075.SH,新疆天业,化工原料
1504,600076.SH,康欣新材,广告包装
1505,600079.SH,人福医药,化学制药
1506,600080.SH,金花股份,中成药
1507,600081.SH,东风科技,汽车配件
1508,600082.SH,海泰发展,园区开发
1509,600083.SH,博信股份,综合类
1510,600084.SH,中信尼雅,红黄酒
1511,600085.SH,同仁堂,中成药
1512,600088.SH,中视传媒,影视音像
1513,600089.SH,特变电工,电气设备
1514,600094.SH,大名城,区域地产
1515,600095.SH,湘财股份,证券
1516,600096.SH,云天化,农药化肥
1517,600097.SH,开创国际,渔业
1518,600098.SH,广州发展,火力发电
1519,600099.SH,林海股份,汽车整车
1520,600100.SH,同方股份,IT设备
1521,600101.SH,明星电力,水力发电
1522,600103.SH,青山纸业,造纸
1523,600104.SH,上汽集团,汽车整车
1524,600105.SH,永鼎股份,通信设备
1525,600106.SH,重庆路桥,路桥
1526,600107.SH,美尔雅,服饰
1527,600108.SH,亚盛集团,种植业
1528,600109.SH,国金证券,证券
1529,600110.SH,诺德股份,电气设备
1530,600111.SH,北方稀土,小金属
1531,600113.SH,浙江东日,区域地产
1532,600114.SH,东睦股份,机械基件
1533,600115.SH,中国东航,空运
1534,600116.SH,三峡水利,水力发电
1535,600118.SH,中国卫星,航空
1536,600119.SH,长江投资,仓储物流
1537,600120.SH,浙江东方,多元金融
1538,600121.SH,郑州煤电,煤炭开采
1539,600123.SH,兰花科创,煤炭开采
1540,600125.SH,铁龙物流,铁路
1541,600126.SH,杭钢股份,普钢
1542,600127.SH,金健米业,农业综合
1543,600128.SH,苏豪弘业,商贸代理
1544,600129.SH,太极集团,中成药
1545,600130.SH,波导股份,元器件
1546,600131.SH,国网信通,通信设备
1547,600132.SH,重庆啤酒,啤酒
1548,600133.SH,东湖高新,建筑工程
1549,600135.SH,乐凯胶片,化工原料
1550,600137.SH,浪莎股份,服饰
1551,600138.SH,中青旅,旅游服务
1552,600141.SH,兴发集团,农药化肥
1553,600143.SH,金发科技,塑料
1554,600148.SH,长春一东,汽车配件
1555,600149.SH,廊坊发展,综合类
1556,600150.SH,中国船舶,船舶
1557,600151.SH,航天机电,汽车配件
1558,600152.SH,维科技术,电气设备
1559,600153.SH,建发股份,仓储物流
1560,600155.SH,华创云信,证券
1561,600156.SH,华升股份,纺织
1562,600157.SH,永泰能源,火力发电
1563,600158.SH,中体产业,文教休闲
1564,600159.SH,大龙地产,区域地产
1565,600160.SH,巨化股份,化工原料
1566,600161.SH,天坛生物,生物制药
1567,600162.SH,香江控股,全国地产
1568,600163.SH,中闽能源,新型电力
1569,600165.SH,宁科生物,化工原料
1570,600166.SH,福田汽车,汽车整车
1571,600167.SH,联美控股,供气供热
1572,600168.SH,武汉控股,水务
1573,600169.SH,太原重工,工程机械
1574,600170.SH,上海建工,建筑工程
1575,600171.SH,上海贝岭,半导体
1576,600172.SH,黄河旋风,矿物制品
1577,600173.SH,卧龙地产,全国地产
1578,600176.SH,中国巨石,玻璃
1579,600177.SH,雅戈尔,服饰
1580,600178.SH,东安动力,汽车配件
1581,600179.SH,安通控股,仓储物流
1582,600180.SH,瑞茂通,仓储物流
1583,600182.SH,S佳通,汽车配件
1584,600183.SH,生益科技,元器件
1585,600184.SH,光电股份,专用机械
1586,600185.SH,格力地产,区域地产
1587,600186.SH,莲花健康,食品
1588,600187.SH,国中水务,水务
1589,600188.SH,兖矿能源,煤炭开采
1590,600189.SH,泉阳泉,软饮料
1591,600190.SH,锦州港,港口
1592,600191.SH,华资实业,食品
1593,600192.SH,长城电工,电气设备
1594,600193.SH,创兴资源,装修装饰
1595,600195.SH,中牧股份,农业综合
1596,600196.SH,复星医药,化学制药
1597,600197.SH,伊力特,白酒
1598,600198.SH,大唐电信,通信设备
1599,600199.SH,金种子酒,白酒
1600,600200.SH,江苏吴中,化学制药
1601,600201.SH,生物股份,农业综合
1602,600202.SH,哈空调,专用机械
1603,600203.SH,福日电子,元器件
1604,600206.SH,有研新材,半导体
1605,600207.SH,安彩高科,电气设备
1606,600208.SH,新湖中宝,全国地产
1607,600210.SH,紫江企业,广告包装
1608,600211.SH,西藏药业,生物制药
1609,600212.SH,绿能慧充,电气设备
1610,600213.SH,亚星客车,汽车整车
1611,600215.SH,派斯林,专用机械
1612,600216.SH,浙江医药,化学制药
1613,600217.SH,中再资环,环境保护
1614,600218.SH,全柴动力,汽车配件
1615,600219.SH,南山铝业,铝
1616,600220.SH,江苏阳光,纺织
1617,600221.SH,海航控股,空运
1618,600222.SH,太龙药业,中成药
1619,600223.SH,福瑞达,日用化工
1620,600225.SH,卓朗科技,软件服务
1621,600226.SH,瀚叶股份,供气供热
1622,600227.SH,赤天化,农药化肥
1623,600228.SH,返利科技,互联网
1624,600229.SH,城市传媒,出版业
1625,600230.SH,沧州大化,化工原料
1626,600231.SH,凌钢股份,普钢
1627,600232.SH,金鹰股份,纺织
1628,600233.SH,圆通速递,仓储物流
1629,600234.SH,科新发展,装修装饰
1630,600235.SH,民丰特纸,造纸
1631,600236.SH,桂冠电力,水力发电
1632,600237.SH,铜峰电子,元器件
1633,600238.SH,海南椰岛,红黄酒
1634,600239.SH,云南城投,区域地产
1635,600241.SH,时代万恒,电气设备
1636,600243.SH,青海华鼎,运输设备
1637,600246.SH,万通发展,区域地产
1638,600248.SH,陕建股份,建筑工程
1639,600249.SH,两面针,日用化工
1640,600250.SH,南京商旅,商贸代理
1641,600251.SH,冠农股份,农业综合
1642,600252.SH,中恒集团,中成药
1643,600255.SH,鑫科材料,小金属
1644,600256.SH,广汇能源,石油开采
1645,600257.SH,大湖股份,渔业
1646,600258.SH,首旅酒店,酒店餐饮
1647,600259.SH,广晟有色,小金属
1648,600261.SH,阳光照明,家用电器
1649,600262.SH,北方股份,专用机械
1650,600266.SH,城建发展,区域地产
1651,600267.SH,海正药业,化学制药
1652,600268.SH,国电南自,电气设备
1653,600269.SH,赣粤高速,路桥
1654,600271.SH,航天信息,软件服务
1655,600272.SH,开开实业,医药商业
1656,600273.SH,嘉化能源,化工原料
1657,600276.SH,恒瑞医药,化学制药
1658,600277.SH,亿利洁能,化工原料
1659,600278.SH,东方创业,商贸代理
1660,600279.SH,重庆港,港口
1661,600280.SH,中央商场,百货
1662,600281.SH,华阳新材,小金属
1663,600282.SH,南钢股份,普钢
1664,600283.SH,钱江水利,水务
1665,600284.SH,浦东建设,建筑工程
1666,600285.SH,羚锐制药,中成药
1667,600287.SH,江苏舜天,商贸代理
1668,600288.SH,大恒科技,元器件
1669,600292.SH,远达环保,环境保护
1670,600293.SH,三峡新材,玻璃
1671,600295.SH,鄂尔多斯,特种钢
1672,600297.SH,广汇汽车,汽车服务
1673,600298.SH,安琪酵母,食品
1674,600299.SH,安迪苏,饲料
1675,600300.SH,维维股份,软饮料
1676,600301.SH,华锡有色,小金属
1677,600302.SH,标准股份,纺织机械
1678,600305.SH,恒顺醋业,食品
1679,600307.SH,酒钢宏兴,普钢
1680,600308.SH,华泰股份,造纸
1681,600309.SH,万华化学,化工原料
1682,600310.SH,广西能源,水力发电
1683,600312.SH,平高电气,电气设备
1684,600313.SH,农发种业,种植业
1685,600315.SH,上海家化,日用化工
1686,600316.SH,洪都航空,航空
1687,600318.SH,新力金融,多元金融
1688,600319.SH,亚星化学,化工原料
1689,600320.SH,振华重工,工程机械
1690,600321.SH,正源股份,其他建材
1691,600322.SH,津投城开,区域地产
1692,600323.SH,瀚蓝环境,环境保护
1693,600325.SH,华发股份,区域地产
1694,600326.SH,西藏天路,水泥
1695,600327.SH,大东方,医疗保健
1696,600328.SH,中盐化工,化工原料
1697,600329.SH,达仁堂,中成药
1698,600330.SH,天通股份,专用机械
1699,600331.SH,宏达股份,农药化肥
1700,600332.SH,白云山,中成药
1701,600333.SH,长春燃气,供气供热
1702,600335.SH,国机汽车,汽车服务
1703,600336.SH,澳柯玛,家用电器
1704,600337.SH,美克家居,家居用品
1705,600338.SH,西藏珠峰,铅锌
1706,600339.SH,中油工程,石油加工
1707,600340.SH,华夏幸福,区域地产
1708,600343.SH,航天动力,航空
1709,600345.SH,长江通信,通信设备
1710,600346.SH,恒力石化,石油加工
1711,600348.SH,华阳股份,煤炭开采
1712,600350.SH,山东高速,路桥
1713,600351.SH,亚宝药业,中成药
1714,600352.SH,浙江龙盛,染料涂料
1715,600353.SH,旭光电子,元器件
1716,600354.SH,敦煌种业,种植业
1717,600355.SH,精伦电子,专用机械
1718,600356.SH,恒丰纸业,造纸
1719,600358.SH,国旅联合,广告包装
1720,600359.SH,新农开发,种植业
1721,600360.SH,华微电子,半导体
1722,600361.SH,创新新材,铝
1723,600362.SH,江西铜业,铜
1724,600363.SH,联创光电,元器件
1725,600366.SH,宁波韵升,矿物制品
1726,600367.SH,红星发展,化工原料
1727,600368.SH,五洲交通,路桥
1728,600369.SH,西南证券,证券
1729,600370.SH,三房巷,化工原料
1730,600371.SH,万向德农,种植业
1731,600372.SH,中航机载,航空
1732,600373.SH,中文传媒,出版业
1733,600375.SH,汉马科技,汽车整车
1734,600376.SH,首开股份,区域地产
1735,600377.SH,宁沪高速,路桥
1736,600378.SH,昊华科技,化工原料
1737,600379.SH,宝光股份,电气设备
1738,600380.SH,健康元,化学制药
1739,600381.SH,青海春天,医疗保健
1740,600382.SH,广东明珠,普钢
1741,600383.SH,金地集团,全国地产
1742,600386.SH,北巴传媒,汽车服务
1743,600388.SH,龙净环保,环境保护
1744,600389.SH,江山股份,农药化肥
1745,600390.SH,五矿资本,多元金融
1746,600391.SH,航发科技,航空
1747,600392.SH,盛和资源,小金属
1748,600395.SH,盘江股份,煤炭开采
1749,600397.SH,安源煤业,煤炭开采
1750,600398.SH,海澜之家,服饰
1751,600399.SH,抚顺特钢,特种钢
1752,600400.SH,红豆股份,服饰
1753,600403.SH,大有能源,煤炭开采
1754,600405.SH,动力源,电气设备
1755,600406.SH,国电南瑞,电气设备
1756,600408.SH,安泰集团,焦炭加工
1757,600409.SH,三友化工,化纤
1758,600410.SH,华胜天成,软件服务
1759,600415.SH,小商品城,商品城
1760,600416.SH,湘电股份,电气设备
1761,600418.SH,江淮汽车,汽车整车
1762,600419.SH,天润乳业,乳制品
1763,600420.SH,国药现代,化学制药
1764,600421.SH,华嵘控股,专用机械
1765,600422.SH,昆药集团,中成药
1766,600423.SH,柳化股份,农药化肥
1767,600425.SH,青松建化,水泥
1768,600426.SH,华鲁恒升,农药化肥
1769,600428.SH,中远海特,水运
1770,600429.SH,三元股份,乳制品
1771,600433.SH,冠豪高新,造纸
1772,600435.SH,北方导航,专用机械
1773,600436.SH,片仔癀,中成药
1774,600438.SH,通威股份,电气设备
1775,600439.SH,瑞贝卡,服饰
1776,600444.SH,国机通用,专用机械
1777,600446.SH,金证股份,软件服务
1778,600448.SH,华纺股份,纺织
1779,600449.SH,宁夏建材,水泥
1780,600452.SH,涪陵电力,水力发电
1781,600455.SH,博通股份,文教休闲
1782,600456.SH,宝钛股份,小金属
1783,600458.SH,时代新材,塑料
1784,600459.SH,贵研铂业,小金属
1785,600460.SH,士兰微,半导体
1786,600461.SH,洪城环境,水务
1787,600463.SH,空港股份,园区开发
1788,600467.SH,好当家,渔业
1789,600468.SH,百利电气,电气设备
1790,600469.SH,风神股份,汽车配件
1791,600470.SH,六国化工,农药化肥
1792,600475.SH,华光环能,环境保护
1793,600476.SH,湘邮科技,软件服务
1794,600477.SH,杭萧钢构,钢加工
1795,600478.SH,科力远,电气设备
1796,600479.SH,千金药业,中成药
1797,600480.SH,凌云股份,汽车配件
1798,600481.SH,双良节能,电气设备
1799,600482.SH,中国动力,船舶
1800,600483.SH,福能股份,火力发电
1801,600486.SH,扬农化工,农药化肥
1802,600487.SH,亨通光电,通信设备
1803,600488.SH,津药药业,化学制药
1804,600489.SH,中金黄金,黄金
1805,600490.SH,鹏欣资源,铜
1806,600491.SH,龙元建设,建筑工程
1807,600493.SH,凤竹纺织,纺织
1808,600495.SH,晋西车轴,运输设备
1809,600496.SH,精工钢构,钢加工
1810,600497.SH,驰宏锌锗,铅锌
1811,600498.SH,烽火通信,通信设备
1812,600499.SH,科达制造,专用机械
1813,600500.SH,中化国际,塑料
1814,600501.SH,航天晨光,汽车配件
1815,600502.SH,安徽建工,建筑工程
1816,600503.SH,华丽家族,区域地产
1817,600505.SH,西昌电力,水力发电
1818,600506.SH,统一股份,化工原料
1819,600507.SH,方大特钢,特种钢
1820,600508.SH,上海能源,煤炭开采
1821,600509.SH,天富能源,火力发电
1822,600510.SH,黑牡丹,全国地产
1823,600511.SH,国药股份,医药商业
1824,600512.SH,腾达建设,建筑工程
1825,600513.SH,联环药业,化学制药
1826,600515.SH,海南机场,机场
1827,600516.SH,方大炭素,矿物制品
1828,600517.SH,国网英大,多元金融
1829,600519.SH,贵州茅台,白酒
1830,600520.SH,文一科技,半导体
1831,600521.SH,华海药业,化学制药
1832,600522.SH,中天科技,通信设备
1833,600523.SH,贵航股份,汽车配件
1834,600525.SH,长园集团,电气设备
1835,600526.SH,菲达环保,环境保护
1836,600527.SH,江南高纤,化纤
1837,600528.SH,中铁工业,运输设备
1838,600529.SH,山东药玻,医疗保健
1839,600531.SH,豫光金铅,铅锌
1840,600533.SH,栖霞建设,区域地产
1841,600535.SH,天士力,中成药
1842,600536.SH,中国软件,软件服务
1843,600537.SH,亿晶光电,电气设备
1844,600538.SH,国发股份,医药商业
1845,600539.SH,狮头股份,互联网
1846,600540.SH,新赛股份,种植业
1847,600545.SH,卓郎智能,纺织机械
1848,600546.SH,山煤国际,煤炭开采
1849,600547.SH,山东黄金,黄金
1850,600548.SH,深高速,路桥
1851,600549.SH,厦门钨业,小金属
1852,600550.SH,保变电气,电气设备
1853,600551.SH,时代出版,出版业
1854,600552.SH,凯盛科技,元器件
1855,600556.SH,天下秀,互联网
1856,600557.SH,康缘药业,中成药
1857,600558.SH,大西洋,钢加工
1858,600559.SH,老白干酒,白酒
1859,600560.SH,金自天正,电气设备
1860,600561.SH,江西长运,公共交通
1861,600562.SH,国睿科技,通信设备
1862,600563.SH,法拉电子,元器件
1863,600565.SH,迪马股份,全国地产
1864,600566.SH,济川药业,中成药
1865,600567.SH,山鹰国际,造纸
1866,600569.SH,安阳钢铁,普钢
1867,600570.SH,恒生电子,软件服务
1868,600571.SH,信雅达,软件服务
1869,600572.SH,康恩贝,中成药
1870,600573.SH,惠泉啤酒,啤酒
1871,600575.SH,淮河能源,铁路
1872,600576.SH,祥源文旅,影视音像
1873,600577.SH,精达股份,电气设备
1874,600578.SH,京能电力,火力发电
1875,600579.SH,克劳斯,化工机械
1876,600580.SH,卧龙电驱,电气设备
1877,600581.SH,八一钢铁,普钢
1878,600582.SH,天地科技,工程机械
1879,600583.SH,海油工程,石油开采
1880,600584.SH,长电科技,半导体
1881,600585.SH,海螺水泥,水泥
1882,600586.SH,金晶科技,玻璃
1883,600587.SH,新华医疗,医疗保健
1884,600588.SH,用友网络,软件服务
1885,600590.SH,泰豪科技,电气设备
1886,600592.SH,龙溪股份,机械基件
1887,600593.SH,大连圣亚,旅游景点
1888,600594.SH,益佰制药,中成药
1889,600595.SH,中孚实业,铝
1890,600596.SH,新安股份,化工原料
1891,600597.SH,光明乳业,乳制品
1892,600598.SH,北大荒,种植业
1893,600600.SH,青岛啤酒,啤酒
1894,600601.SH,方正科技,元器件
1895,600602.SH,云赛智联,软件服务
1896,600603.SH,广汇物流,区域地产
1897,600604.SH,市北高新,园区开发
1898,600605.SH,汇通能源,房产服务
1899,600606.SH,绿地控股,建筑工程
1900,600609.SH,金杯汽车,汽车配件
1901,600610.SH,中毅达,化工原料
1902,600611.SH,大众交通,公共交通
1903,600612.SH,老凤祥,服饰
1904,600613.SH,神奇制药,中成药
1905,600615.SH,丰华股份,小金属
1906,600616.SH,金枫酒业,红黄酒
1907,600617.SH,国新能源,供气供热
1908,600618.SH,氯碱化工,化工原料
1909,600619.SH,海立股份,家用电器
1910,600620.SH,天宸股份,综合类
1911,600621.SH,华鑫股份,证券
1912,600622.SH,光大嘉宝,区域地产
1913,600623.SH,华谊集团,化工原料
1914,600624.SH,复旦复华,化学制药
1915,600626.SH,申达股份,汽车配件
1916,600628.SH,新世界,百货
1917,600629.SH,华建集团,建筑工程
1918,600630.SH,龙头股份,服饰
1919,600633.SH,浙数文化,互联网
1920,600635.SH,大众公用,供气供热
1921,600636.SH,国新文化,文教休闲
1922,600637.SH,东方明珠,影视音像
1923,600638.SH,新黄浦,区域地产
1924,600639.SH,浦东金桥,园区开发
1925,600640.SH,国脉文化,影视音像
1926,600641.SH,万业企业,区域地产
1927,600642.SH,申能股份,火力发电
1928,600643.SH,爱建集团,多元金融
1929,600644.SH,乐山电力,水力发电
1930,600645.SH,中源协和,生物制药
1931,600648.SH,外高桥,园区开发
1932,600649.SH,城投控股,区域地产
1933,600650.SH,锦江在线,公共交通
1934,600651.SH,飞乐音响,电器仪表
1935,600653.SH,申华控股,汽车服务
1936,600655.SH,豫园股份,百货
1937,600657.SH,信达地产,全国地产
1938,600658.SH,电子城,园区开发
1939,600660.SH,福耀玻璃,汽车配件
1940,600661.SH,昂立教育,文教休闲
1941,600662.SH,外服控股,文教休闲
1942,600663.SH,陆家嘴,园区开发
1943,600664.SH,哈药股份,化学制药
1944,600665.SH,天地源,全国地产
1945,600667.SH,太极实业,半导体
1946,600668.SH,尖峰集团,水泥
1947,600673.SH,东阳光,铝
1948,600674.SH,川投能源,水力发电
1949,600675.SH,中华企业,区域地产
1950,600676.SH,交运股份,汽车配件
1951,600678.SH,四川金顶,水泥
1952,600679.SH,上海凤凰,文教休闲
1953,600681.SH,百川能源,供气供热
1954,600682.SH,南京新百,生物制药
1955,600683.SH,京投发展,区域地产
1956,600684.SH,珠江股份,全国地产
1957,600685.SH,中船防务,船舶
1958,600686.SH,金龙汽车,汽车整车
1959,600688.SH,上海石化,石油加工
1960,600689.SH,上海三毛,综合类
1961,600690.SH,海尔智家,家用电器
1962,600691.SH,阳煤化工,农药化肥
1963,600692.SH,亚通股份,房产服务
1964,600693.SH,东百集团,百货
1965,600694.SH,大商股份,百货
1966,600696.SH,岩石股份,白酒
1967,600697.SH,欧亚集团,百货
1968,600698.SH,湖南天雁,汽车配件
1969,600699.SH,均胜电子,汽车配件
1970,600702.SH,舍得酒业,白酒
1971,600703.SH,三安光电,半导体
1972,600704.SH,物产中大,仓储物流
1973,600705.SH,中航产融,多元金融
1974,600706.SH,曲江文旅,旅游景点
1975,600707.SH,彩虹股份,元器件
1976,600708.SH,光明地产,全国地产
1977,600710.SH,苏美达,商贸代理
1978,600711.SH,盛屯矿业,小金属
1979,600712.SH,南宁百货,百货
1980,600713.SH,南京医药,医药商业
1981,600714.SH,金瑞矿业,化工原料
1982,600715.SH,文投控股,影视音像
1983,600716.SH,凤凰股份,区域地产
1984,600717.SH,天津港,港口
1985,600718.SH,东软集团,软件服务
1986,600719.SH,大连热电,供气供热
1987,600720.SH,中交设计,建筑工程
1988,600721.SH,百花医药,生物制药
1989,600722.SH,金牛化工,化工原料
1990,600724.SH,宁波富达,区域地产
1991,600725.SH,云维股份,商贸代理
1992,600726.SH,华电能源,火力发电
1993,600727.SH,鲁北化工,化工原料
1994,600728.SH,佳都科技,软件服务
1995,600729.SH,重庆百货,百货
1996,600730.SH,中国高科,文教休闲
1997,600731.SH,湖南海利,农药化肥
1998,600732.SH,爱旭股份,电气设备
1999,600733.SH,北汽蓝谷,汽车整车
2000,600735.SH,新华锦,服饰
2001,600736.SH,苏州高新,园区开发
2002,600737.SH,中粮糖业,食品
2003,600738.SH,丽尚国潮,百货
2004,600739.SH,辽宁成大,生物制药
2005,600740.SH,山西焦化,焦炭加工
2006,600741.SH,华域汽车,汽车配件
2007,600742.SH,一汽富维,汽车配件
2008,600743.SH,华远地产,区域地产
2009,600744.SH,华银电力,火力发电
2010,600745.SH,闻泰科技,半导体
2011,600746.SH,江苏索普,化工原料
2012,600748.SH,上实发展,全国地产
2013,600749.SH,西藏旅游,旅游景点
2014,600750.SH,江中药业,中成药
2015,600751.SH,海航科技,水运
2016,600753.SH,庚星股份,商贸代理
2017,600754.SH,锦江酒店,酒店餐饮
2018,600755.SH,厦门国贸,仓储物流
2019,600756.SH,浪潮软件,软件服务
2020,600757.SH,长江传媒,出版业
2021,600758.SH,辽宁能源,煤炭开采
2022,600760.SH,中航沈飞,航空
2023,600761.SH,安徽合力,工程机械
2024,600763.SH,通策医疗,医疗保健
2025,600764.SH,中国海防,船舶
2026,600765.SH,中航重机,航空
2027,600768.SH,宁波富邦,铝
2028,600769.SH,祥龙电业,建筑工程
2029,600770.SH,综艺股份,综合类
2030,600771.SH,广誉远,中成药
2031,600773.SH,西藏城投,区域地产
2032,600774.SH,汉商集团,化学制药
2033,600775.SH,南京熊猫,通信设备
2034,600776.SH,东方通信,通信设备
2035,600777.SH,新潮能源,石油开采
2036,600778.SH,友好集团,百货
2037,600779.SH,水井坊,白酒
2038,600780.SH,通宝能源,火力发电
2039,600782.SH,新钢股份,普钢
2040,600783.SH,鲁信创投,多元金融
2041,600784.SH,鲁银投资,综合类
2042,600785.SH,新华百货,百货
2043,600787.SH,中储股份,仓储物流
2044,600789.SH,鲁抗医药,化学制药
2045,600790.SH,轻纺城,商品城
2046,600791.SH,京能置业,全国地产
2047,600792.SH,云煤能源,焦炭加工
2048,600793.SH,宜宾纸业,造纸
2049,600794.SH,保税科技,仓储物流
2050,600795.SH,国电电力,火力发电
2051,600796.SH,钱江生化,环境保护
2052,600797.SH,浙大网新,软件服务
2053,600798.SH,宁波海运,水运
2054,600800.SH,渤海化学,化工原料
2055,600801.SH,华新水泥,水泥
2056,600802.SH,福建水泥,水泥
2057,600803.SH,新奥股份,供气供热
2058,600805.SH,悦达投资,综合类
2059,600807.SH,济南高新,医疗保健
2060,600808.SH,马钢股份,普钢
2061,600809.SH,山西汾酒,白酒
2062,600810.SH,神马股份,化纤
2063,600811.SH,东方集团,农业综合
2064,600812.SH,华北制药,化学制药
2065,600814.SH,杭州解百,百货
2066,600815.SH,厦工股份,工程机械
2067,600816.SH,建元信托,多元金融
2068,600817.SH,宇通重工,专用机械
2069,600818.SH,中路股份,文教休闲
2070,600819.SH,耀皮玻璃,玻璃
2071,600820.SH,隧道股份,建筑工程
2072,600821.SH,金开新能,新型电力
2073,600822.SH,上海物贸,汽车服务
2074,600824.SH,益民集团,百货
2075,600825.SH,新华传媒,出版业
2076,600826.SH,兰生股份,文教休闲
2077,600827.SH,百联股份,超市连锁
2078,600828.SH,茂业商业,百货
2079,600829.SH,人民同泰,医药商业
2080,600830.SH,香溢融通,多元金融
2081,600831.SH,广电网络,影视音像
2082,600833.SH,第一医药,医药商业
2083,600834.SH,申通地铁,公共交通
2084,600835.SH,上海机电,运输设备
2085,600836.SH,上海易连,广告包装
2086,600837.SH,海通证券,证券
2087,600838.SH,上海九百,百货
2088,600839.SH,四川长虹,家用电器
2089,600841.SH,动力新科,汽车配件
2090,600843.SH,上工申贝,纺织机械
2091,600844.SH,丹化科技,化工原料
2092,600845.SH,宝信软件,软件服务
2093,600846.SH,同济科技,建筑工程
2094,600847.SH,万里股份,电气设备
2095,600848.SH,上海临港,园区开发
2096,600850.SH,电科数字,软件服务
2097,600851.SH,海欣股份,化学制药
2098,600853.SH,龙建股份,建筑工程
2099,600854.SH,春兰股份,家用电器
2100,600855.SH,航天长峰,专用机械
2101,600857.SH,宁波中百,百货
2102,600858.SH,银座股份,百货
2103,600859.SH,王府井,百货
2104,600860.SH,京城股份,专用机械
2105,600861.SH,北京人力,文教休闲
2106,600862.SH,中航高科,航空
2107,600863.SH,内蒙华电,火力发电
2108,600864.SH,哈投股份,证券
2109,600865.SH,百大集团,百货
2110,600866.SH,星湖科技,饲料
2111,600867.SH,通化东宝,生物制药
2112,600868.SH,梅雁吉祥,软件服务
2113,600869.SH,远东股份,电气设备
2114,600871.SH,石化油服,石油开采
2115,600872.SH,中炬高新,食品
2116,600873.SH,梅花生物,食品
2117,600874.SH,创业环保,环境保护
2118,600875.SH,东方电气,电气设备
2119,600876.SH,凯盛新能,玻璃
2120,600877.SH,电科芯片,半导体
2121,600879.SH,航天电子,航空
2122,600880.SH,博瑞传播,广告包装
2123,600881.SH,亚泰集团,水泥
2124,600882.SH,妙可蓝多,乳制品
2125,600883.SH,博闻科技,种植业
2126,600884.SH,杉杉股份,电气设备
2127,600885.SH,宏发股份,电气设备
2128,600886.SH,国投电力,水力发电
2129,600887.SH,伊利股份,乳制品
2130,600888.SH,新疆众和,铝
2131,600889.SH,南京化纤,化纤
2132,600892.SH,大晟文化,互联网
2133,600893.SH,航发动力,航空
2134,600894.SH,广日股份,运输设备
2135,600895.SH,张江高科,园区开发
2136,600897.SH,厦门空港,机场
2137,600900.SH,长江电力,水力发电
2138,600901.SH,江苏金租,多元金融
2139,600903.SH,贵州燃气,供气供热
2140,600905.SH,三峡能源,新型电力
2141,600906.SH,财达证券,证券
2142,600908.SH,无锡银行,银行
2143,600909.SH,华安证券,证券
2144,600916.SH,中国黄金,服饰
2145,600917.SH,重庆燃气,供气供热
2146,600918.SH,中泰证券,证券
2147,600919.SH,江苏银行,银行
2148,600925.SH,苏能股份,煤炭开采
2149,600926.SH,杭州银行,银行
2150,600927.SH,永安期货,多元金融
2151,600928.SH,西安银行,银行
2152,600929.SH,雪天盐业,食品
2153,600933.SH,爱柯迪,汽车配件
2154,600935.SH,华塑股份,化工原料
2155,600936.SH,广西广电,影视音像
2156,600938.SH,中国海油,石油开采
2157,600939.SH,重庆建工,建筑工程
2158,600941.SH,中国移动,电信运营
2159,600955.SH,维远股份,化工原料
2160,600956.SH,新天绿能,供气供热
2161,600958.SH,东方证券,证券
2162,600959.SH,江苏有线,影视音像
2163,600960.SH,渤海汽车,汽车配件
2164,600961.SH,株冶集团,铅锌
2165,600962.SH,国投中鲁,软饮料
2166,600963.SH,岳阳林纸,造纸
2167,600965.SH,福成股份,农业综合
2168,600966.SH,博汇纸业,造纸
2169,600967.SH,内蒙一机,运输设备
2170,600968.SH,海油发展,石油开采
2171,600969.SH,郴电国际,水力发电
2172,600970.SH,中材国际,建筑工程
2173,600971.SH,恒源煤电,煤炭开采
2174,600973.SH,宝胜股份,电气设备
2175,600975.SH,新五丰,农业综合
2176,600976.SH,健民集团,中成药
2177,600977.SH,中国电影,影视音像
2178,600979.SH,广安爱众,水力发电
2179,600980.SH,北矿科技,专用机械
2180,600981.SH,汇鸿集团,商贸代理
2181,600982.SH,宁波能源,供气供热
2182,600983.SH,惠而浦,家用电器
2183,600984.SH,建设机械,工程机械
2184,600985.SH,淮北矿业,煤炭开采
2185,600986.SH,浙文互联,互联网
2186,600987.SH,航民股份,纺织
2187,600988.SH,赤峰黄金,黄金
2188,600989.SH,宝丰能源,化工原料
2189,600990.SH,四创电子,通信设备
2190,600992.SH,贵绳股份,钢加工
2191,600993.SH,马应龙,中成药
2192,600995.SH,南网储能,水力发电
2193,600996.SH,贵广网络,影视音像
2194,600997.SH,开滦股份,焦炭加工
2195,600998.SH,九州通,医药商业
2196,600999.SH,招商证券,证券
2197,601000.SH,唐山港,港口
2198,601001.SH,晋控煤业,煤炭开采
2199,601002.SH,晋亿实业,机械基件
2200,601003.SH,柳钢股份,普钢
2201,601005.SH,重庆钢铁,普钢
2202,601006.SH,大秦铁路,铁路
2203,601007.SH,金陵饭店,酒店餐饮
2204,601008.SH,连云港,港口
2205,601009.SH,南京银行,银行
2206,601010.SH,文峰股份,百货
2207,601011.SH,宝泰隆,焦炭加工
2208,601012.SH,隆基绿能,电气设备
2209,601015.SH,陕西黑猫,焦炭加工
2210,601016.SH,节能风电,新型电力
2211,601018.SH,宁波港,港口
2212,601019.SH,山东出版,出版业
2213,601020.SH,华钰矿业,铅锌
2214,601021.SH,春秋航空,空运
2215,601022.SH,宁波远洋,水运
2216,601028.SH,玉龙股份,商贸代理
2217,601033.SH,永兴股份,环境保护
2218,601038.SH,一拖股份,农用机械
2219,601058.SH,赛轮轮胎,汽车配件
2220,601059.SH,信达证券,证券
2221,601061.SH,中信金属,商贸代理
2222,601065.SH,江盐集团,化工原料
2223,601066.SH,中信建投,证券
2224,601068.SH,中铝国际,建筑工程
2225,601069.SH,西部黄金,黄金
2226,601077.SH,渝农商行,银行
2227,601083.SH,锦江航运,水运
2228,601086.SH,国芳集团,百货
2229,601088.SH,中国神华,煤炭开采
2230,601089.SH,福元医药,化学制药
2231,601096.SH,宏盛华源,钢加工
2232,601098.SH,中南传媒,出版业
2233,601099.SH,太平洋,证券
2234,601100.SH,恒立液压,工程机械
2235,601101.SH,昊华能源,煤炭开采
2236,601106.SH,中国一重,工程机械
2237,601107.SH,四川成渝,路桥
2238,601108.SH,财通证券,证券
2239,601111.SH,中国国航,空运
2240,601113.SH,华鼎股份,互联网
2241,601116.SH,三江购物,超市连锁
2242,601117.SH,中国化学,建筑工程
2243,601118.SH,海南橡胶,橡胶
2244,601121.SH,宝地矿业,普钢
2245,601126.SH,四方股份,电气设备
2246,601127.SH,赛力斯,汽车整车
2247,601128.SH,常熟银行,银行
2248,601133.SH,柏诚股份,建筑工程
2249,601136.SH,首创证券,证券
2250,601137.SH,博威合金,小金属
2251,601138.SH,工业富联,通信设备
2252,601139.SH,深圳燃气,供气供热
2253,601155.SH,新城控股,区域地产
2254,601156.SH,东航物流,空运
2255,601158.SH,重庆水务,水务
2256,601162.SH,天风证券,证券
2257,601163.SH,三角轮胎,汽车配件
2258,601166.SH,兴业银行,银行
2259,601168.SH,西部矿业,铜
2260,601169.SH,北京银行,银行
2261,601177.SH,杭齿前进,机械基件
2262,601179.SH,中国西电,电气设备
2263,601186.SH,中国铁建,建筑工程
2264,601187.SH,厦门银行,银行
2265,601188.SH,龙江交通,路桥
2266,601198.SH,东兴证券,证券
2267,601199.SH,江南水务,水务
2268,601200.SH,上海环境,环境保护
2269,601208.SH,东材科技,化工原料
2270,601211.SH,国泰君安,证券
2271,601212.SH,白银有色,铜
2272,601216.SH,君正集团,化工原料
2273,601218.SH,吉鑫科技,电气设备
2274,601222.SH,林洋能源,电器仪表
2275,601225.SH,陕西煤业,煤炭开采
2276,601226.SH,华电重工,建筑工程
2277,601228.SH,广州港,港口
2278,601229.SH,上海银行,银行
2279,601231.SH,环旭电子,元器件
2280,601233.SH,桐昆股份,化纤
2281,601236.SH,红塔证券,证券
2282,601238.SH,广汽集团,汽车整车
2283,601279.SH,英利汽车,汽车配件
2284,601288.SH,农业银行,银行
2285,601298.SH,青岛港,港口
2286,601311.SH,骆驼股份,电气设备
2287,601318.SH,中国平安,保险
2288,601319.SH,中国人保,保险
2289,601326.SH,秦港股份,港口
2290,601328.SH,交通银行,银行
2291,601330.SH,绿色动力,环境保护
2292,601333.SH,广深铁路,铁路
2293,601336.SH,新华保险,保险
2294,601339.SH,百隆东方,纺织
2295,601360.SH,三六零,互联网
2296,601366.SH,利群股份,百货
2297,601368.SH,绿城水务,水务
2298,601369.SH,陕鼓动力,机械基件
2299,601375.SH,中原证券,证券
2300,601377.SH,兴业证券,证券
2301,601388.SH,怡球资源,铝
2302,601390.SH,中国中铁,建筑工程
2303,601398.SH,工商银行,银行
2304,601399.SH,国机重装,工程机械
2305,601456.SH,国联证券,证券
2306,601500.SH,通用股份,汽车配件
2307,601512.SH,中新集团,园区开发
2308,601515.SH,东峰集团,广告包装
2309,601518.SH,吉林高速,路桥
2310,601519.SH,大智慧,软件服务
2311,601528.SH,瑞丰银行,银行
2312,601555.SH,东吴证券,证券
2313,601566.SH,九牧王,服饰
2314,601567.SH,三星医疗,电器仪表
2315,601568.SH,北元集团,化工原料
2316,601577.SH,长沙银行,银行
2317,601579.SH,会稽山,红黄酒
2318,601588.SH,北辰实业,区域地产
2319,601595.SH,上海电影,影视音像
2320,601598.SH,中国外运,仓储物流
2321,601599.SH,浙文影业,纺织
2322,601600.SH,中国铝业,铝
2323,601601.SH,中国太保,保险
2324,601606.SH,长城军工,专用机械
2325,601607.SH,上海医药,医药商业
2326,601608.SH,中信重工,专用机械
2327,601609.SH,金田股份,铜
2328,601611.SH,中国核建,建筑工程
2329,601615.SH,明阳智能,电气设备
2330,601616.SH,广电电气,电气设备
2331,601618.SH,中国中冶,建筑工程
2332,601619.SH,嘉泽新能,新型电力
2333,601628.SH,中国人寿,保险
2334,601633.SH,长城汽车,汽车整车
2335,601636.SH,旗滨集团,玻璃
2336,601658.SH,邮储银行,银行
2337,601665.SH,齐鲁银行,银行
2338,601666.SH,平煤股份,煤炭开采
2339,601668.SH,中国建筑,建筑工程
2340,601669.SH,中国电建,建筑工程
2341,601677.SH,明泰铝业,铝
2342,601678.SH,滨化股份,化工原料
2343,601686.SH,友发集团,钢加工
2344,601688.SH,华泰证券,证券
2345,601689.SH,拓普集团,汽车配件
2346,601696.SH,中银证券,证券
2347,601698.SH,中国卫通,电信运营
2348,601699.SH,潞安环能,煤炭开采
2349,601700.SH,风范股份,电气设备
2350,601702.SH,华峰铝业,铝
2351,601717.SH,郑煤机,专用机械
2352,601718.SH,际华集团,服饰
2353,601727.SH,上海电气,电气设备
2354,601728.SH,中国电信,电信运营
2355,601766.SH,中国中车,运输设备
2356,601777.SH,力帆科技,摩托车
2357,601778.SH,晶科科技,新型电力
2358,601788.SH,光大证券,证券
2359,601789.SH,宁波建工,建筑工程
2360,601798.SH,蓝科高新,化工机械
2361,601799.SH,星宇股份,汽车配件
2362,601800.SH,中国交建,建筑工程
2363,601801.SH,皖新传媒,出版业
2364,601808.SH,中海油服,石油开采
2365,601811.SH,新华文轩,出版业
2366,601816.SH,京沪高铁,铁路
2367,601818.SH,光大银行,银行
2368,601825.SH,沪农商行,银行
2369,601827.SH,三峰环境,环境保护
2370,601828.SH,美凯龙,其他商业
2371,601838.SH,成都银行,银行
2372,601857.SH,中国石油,石油开采
2373,601858.SH,中国科传,出版业
2374,601860.SH,紫金银行,银行
2375,601865.SH,福莱特,玻璃
2376,601866.SH,中远海发,水运
2377,601868.SH,中国能建,建筑工程
2378,601869.SH,长飞光纤,通信设备
2379,601872.SH,招商轮船,水运
2380,601877.SH,正泰电器,电气设备
2381,601878.SH,浙商证券,证券
2382,601880.SH,辽港股份,港口
2383,601881.SH,中国银河,证券
2384,601882.SH,海天精工,机床制造
2385,601886.SH,江河集团,装修装饰
2386,601888.SH,中国中免,旅游服务
2387,601890.SH,亚星锚链,船舶
2388,601898.SH,中煤能源,煤炭开采
2389,601899.SH,紫金矿业,铜
2390,601900.SH,南方传媒,出版业
2391,601901.SH,方正证券,证券
2392,601908.SH,京运通,新型电力
2393,601916.SH,浙商银行,银行
2394,601918.SH,新集能源,煤炭开采
2395,601919.SH,中远海控,水运
2396,601921.SH,浙版传媒,出版业
2397,601928.SH,凤凰传媒,出版业
2398,601929.SH,吉视传媒,影视音像
2399,601933.SH,永辉超市,超市连锁
2400,601939.SH,建设银行,银行
2401,601949.SH,中国出版,出版业
2402,601952.SH,苏垦农发,种植业
2403,601956.SH,东贝集团,家用电器
2404,601958.SH,金钼股份,小金属
2405,601963.SH,重庆银行,银行
2406,601965.SH,中国汽研,汽车服务
2407,601966.SH,玲珑轮胎,汽车配件
2408,601968.SH,宝钢包装,广告包装
2409,601969.SH,海南矿业,普钢
2410,601975.SH,招商南油,水运
2411,601985.SH,中国核电,新型电力
2412,601988.SH,中国银行,银行
2413,601989.SH,中国重工,船舶
2414,601990.SH,南京证券,证券
2415,601991.SH,大唐发电,火力发电
2416,601992.SH,金隅集团,水泥
2417,601995.SH,中金公司,证券
2418,601996.SH,丰林集团,家居用品
2419,601997.SH,贵阳银行,银行
2420,601998.SH,中信银行,银行
2421,601999.SH,出版传媒,出版业
2422,603000.SH,人民网,互联网
2423,603002.SH,宏昌电子,化工原料
2424,603003.SH,龙宇股份,石油贸易
2425,603004.SH,鼎龙科技,化工原料
2426,603005.SH,晶方科技,半导体
2427,603006.SH,联明股份,汽车配件
2428,603008.SH,喜临门,家居用品
2429,603009.SH,北特科技,汽车配件
2430,603010.SH,万盛股份,化工原料
2431,603011.SH,合锻智能,机床制造
2432,603012.SH,创力集团,专用机械
2433,603013.SH,亚普股份,汽车配件
2434,603015.SH,弘讯科技,电气设备
2435,603016.SH,新宏泰,电气设备
2436,603017.SH,中衡设计,建筑工程
2437,603018.SH,华设集团,建筑工程
2438,603019.SH,中科曙光,IT设备
2439,603020.SH,爱普股份,食品
2440,603021.SH,山东华鹏,家居用品
2441,603022.SH,新通联,广告包装
2442,603023.SH,威帝股份,汽车配件
2443,603025.SH,大豪科技,纺织机械
2444,603026.SH,胜华新材,化工原料
2445,603027.SH,千禾味业,食品
2446,603028.SH,赛福天,钢加工
2447,603029.SH,天鹅股份,农用机械
2448,603031.SH,安孚科技,电气设备
2449,603032.SH,德新科技,专用机械
2450,603033.SH,三维股份,橡胶
2451,603035.SH,常熟汽饰,汽车配件
2452,603036.SH,如通股份,专用机械
2453,603037.SH,凯众股份,汽车配件
2454,603038.SH,华立股份,家居用品
2455,603039.SH,泛微网络,软件服务
2456,603040.SH,新坐标,汽车配件
2457,603041.SH,美思德,化工原料
2458,603042.SH,华脉科技,通信设备
2459,603043.SH,广州酒家,食品
2460,603045.SH,福达合金,电气设备
2461,603048.SH,浙江黎明,汽车配件
2462,603050.SH,科林电气,电气设备
2463,603051.SH,鹿山新材,塑料
2464,603052.SH,可川科技,元器件
2465,603053.SH,成都燃气,供气供热
2466,603055.SH,台华新材,纺织
2467,603056.SH,德邦股份,仓储物流
2468,603057.SH,紫燕食品,食品
2469,603058.SH,永吉股份,广告包装
2470,603059.SH,倍加洁,日用化工
2471,603060.SH,国检集团,建筑工程
2472,603061.SH,金海通,半导体
2473,603062.SH,麦加芯彩,染料涂料
2474,603063.SH,禾望电气,电气设备
2475,603065.SH,宿迁联盛,化工原料
2476,603066.SH,音飞储存,仓储物流
2477,603067.SH,振华股份,化工原料
2478,603068.SH,博通集成,半导体
2479,603069.SH,海汽集团,公路
2480,603070.SH,万控智造,电气设备
2481,603071.SH,物产环能,批发业
2482,603073.SH,彩蝶实业,纺织
2483,603075.SH,热威股份,家用电器
2484,603076.SH,乐惠国际,专用机械
2485,603077.SH,和邦生物,化工原料
2486,603078.SH,江化微,半导体
2487,603079.SH,圣达生物,食品
2488,603080.SH,新疆火炬,供气供热
2489,603081.SH,大丰实业,专用机械
2490,603082.SH,北自科技,运输设备
2491,603083.SH,剑桥科技,通信设备
2492,603085.SH,天成自控,汽车配件
2493,603086.SH,先达股份,农药化肥
2494,603087.SH,甘李药业,生物制药
2495,603088.SH,宁波精达,机床制造
2496,603089.SH,正裕工业,汽车配件
2497,603090.SH,宏盛股份,专用机械
2498,603093.SH,南华期货,多元金融
2499,603095.SH,越剑智能,纺织机械
2500,603096.SH,新经典,出版业
2501,603097.SH,江苏华辰,电气设备
2502,603098.SH,森特股份,装修装饰
2503,603099.SH,长白山,旅游景点
2504,603100.SH,川仪股份,电器仪表
2505,603101.SH,汇嘉时代,百货
2506,603102.SH,百合股份,医疗保健
2507,603103.SH,横店影视,影视音像
2508,603105.SH,芯能科技,电气设备
2509,603106.SH,恒银科技,IT设备
2510,603107.SH,上海汽配,汽车配件
2511,603108.SH,润达医疗,医药商业
2512,603109.SH,神驰机电,电气设备
2513,603110.SH,东方材料,染料涂料
2514,603111.SH,康尼机电,运输设备
2515,603112.SH,华翔股份,机械基件
2516,603113.SH,金能科技,焦炭加工
2517,603115.SH,海星股份,铝
2518,603116.SH,红蜻蜓,服饰
2519,603118.SH,共进股份,通信设备
2520,603119.SH,浙江荣泰,汽车配件
2521,603121.SH,华培动力,汽车配件
2522,603122.SH,合富中国,医药商业
2523,603123.SH,翠微股份,多元金融
2524,603125.SH,常青科技,化工原料
2525,603126.SH,中材节能,环境保护
2526,603127.SH,昭衍新药,医疗保健
2527,603128.SH,华贸物流,仓储物流
2528,603129.SH,春风动力,摩托车
2529,603130.SH,云中马,纺织
2530,603131.SH,上海沪工,专用机械
2531,603132.SH,金徽股份,铅锌
2532,603135.SH,中重科技,专用机械
2533,603136.SH,天目湖,旅游景点
2534,603137.SH,恒尚节能,装修装饰
2535,603138.SH,海量数据,软件服务
2536,603139.SH,康惠制药,中成药
2537,603150.SH,万朗磁塑,塑料
2538,603151.SH,邦基科技,饲料
2539,603153.SH,上海建科,建筑工程
2540,603155.SH,新亚强,化工原料
2541,603156.SH,养元饮品,软饮料
2542,603158.SH,腾龙股份,汽车配件
2543,603159.SH,上海亚虹,专用机械
2544,603160.SH,汇顶科技,半导体
2545,603161.SH,科华控股,汽车配件
2546,603162.SH,海通发展,水运
2547,603163.SH,圣晖集成,建筑工程
2548,603165.SH,荣晟环保,造纸
2549,603166.SH,福达股份,汽车配件
2550,603167.SH,渤海轮渡,水运
2551,603168.SH,莎普爱思,化学制药
2552,603169.SH,兰石重装,专用机械
2553,603170.SH,宝立食品,食品
2554,603171.SH,税友股份,软件服务
2555,603172.SH,万丰股份,染料涂料
2556,603173.SH,福斯达,机械基件
2557,603176.SH,汇通集团,建筑工程
2558,603177.SH,德创环保,环境保护
2559,603178.SH,圣龙股份,汽车配件
2560,603179.SH,新泉股份,汽车配件
2561,603180.SH,金牌厨柜,家居用品
2562,603181.SH,皇马科技,化工原料
2563,603182.SH,嘉华股份,食品
2564,603183.SH,建研院,建筑工程
2565,603185.SH,弘元绿能,电气设备
2566,603186.SH,华正新材,元器件
2567,603187.SH,海容冷链,机械基件
2568,603188.SH,亚邦股份,染料涂料
2569,603189.SH,网达软件,软件服务
2570,603190.SH,亚通精工,汽车配件
2571,603191.SH,望变电气,电气设备
2572,603192.SH,汇得科技,化工原料
2573,603193.SH,润本股份,日用化工
2574,603195.SH,公牛集团,家用电器
2575,603196.SH,日播时尚,服饰
2576,603197.SH,保隆科技,汽车配件
2577,603198.SH,迎驾贡酒,白酒
2578,603199.SH,九华旅游,旅游景点
2579,603200.SH,上海洗霸,环境保护
2580,603201.SH,常润股份,汽车配件
2581,603203.SH,快克智能,专用机械
2582,603206.SH,嘉环科技,通信设备
2583,603208.SH,江山欧派,家居用品
2584,603209.SH,兴通股份,水运
2585,603211.SH,晋拓股份,汽车配件
2586,603212.SH,赛伍技术,塑料
2587,603213.SH,镇洋发展,化工原料
2588,603214.SH,爱婴室,百货
2589,603215.SH,比依股份,家用电器
2590,603216.SH,梦天家居,家居用品
2591,603217.SH,元利科技,化工原料
2592,603218.SH,日月股份,电气设备
2593,603219.SH,富佳股份,家用电器
2594,603220.SH,中贝通信,通信设备
2595,603221.SH,爱丽家居,家居用品
2596,603222.SH,济民医疗,医疗保健
2597,603223.SH,恒通股份,仓储物流
2598,603225.SH,新凤鸣,化纤
2599,603226.SH,菲林格尔,家居用品
2600,603227.SH,雪峰科技,化工原料
2601,603228.SH,景旺电子,元器件
2602,603229.SH,奥翔药业,化学制药
2603,603230.SH,内蒙新华,出版业
2604,603231.SH,索宝蛋白,食品
2605,603232.SH,格尔软件,软件服务
2606,603233.SH,大参林,医药商业
2607,603235.SH,天新药业,化学制药
2608,603236.SH,移远通信,通信设备
2609,603237.SH,五芳斋,食品
2610,603238.SH,诺邦股份,纺织
2611,603239.SH,浙江仙通,汽车配件
2612,603255.SH,鼎际得,化工原料
2613,603256.SH,宏和科技,玻璃
2614,603258.SH,电魂网络,互联网
2615,603259.SH,药明康德,化学制药
2616,603260.SH,合盛硅业,化工原料
2617,603261.SH,立航科技,航空
2618,603266.SH,天龙股份,汽车配件
2619,603267.SH,鸿远电子,元器件
2620,603268.SH,松发股份,家居用品
2621,603269.SH,海鸥股份,机械基件
2622,603270.SH,金帝股份,机械基件
2623,603272.SH,联翔股份,家居用品
2624,603273.SH,天元智能,专用机械
2625,603275.SH,众辰科技,电器仪表
2626,603276.SH,恒兴新材,化工原料
2627,603277.SH,银都股份,专用机械
2628,603278.SH,大业股份,钢加工
2629,603279.SH,景津装备,环境保护
2630,603280.SH,南方路机,专用机械
2631,603281.SH,江瀚新材,化工原料
2632,603282.SH,亚光股份,专用机械
2633,603283.SH,赛腾股份,专用机械
2634,603286.SH,日盈电子,汽车配件
2635,603288.SH,海天味业,食品
2636,603289.SH,泰瑞机器,专用机械
2637,603290.SH,斯达半导,半导体
2638,603291.SH,联合水务,水务
2639,603296.SH,华勤技术,元器件
2640,603297.SH,永新光学,元器件
2641,603298.SH,杭叉集团,专用机械
2642,603299.SH,苏盐井神,食品
2643,603300.SH,华铁应急,多元金融
2644,603301.SH,振德医疗,医疗保健
2645,603303.SH,得邦照明,家用电器
2646,603305.SH,旭升集团,汽车配件
2647,603306.SH,华懋科技,汽车配件
2648,603307.SH,扬州金泉,文教休闲
2649,603308.SH,应流股份,机械基件
2650,603309.SH,维力医疗,医疗保健
2651,603311.SH,金海高科,家用电器
2652,603312.SH,西典新能,电气设备
2653,603313.SH,梦百合,家居用品
2654,603315.SH,福鞍股份,机械基件
2655,603316.SH,诚邦股份,建筑工程
2656,603317.SH,天味食品,食品
2657,603318.SH,水发燃气,供气供热
2658,603319.SH,湘油泵,汽车配件
2659,603320.SH,迪贝电气,电气设备
2660,603321.SH,梅轮电梯,运输设备
2661,603322.SH,超讯通信,通信设备
2662,603323.SH,苏农银行,银行
2663,603324.SH,盛剑环境,环境保护
2664,603325.SH,博隆技术,机械基件
2665,603326.SH,我乐家居,家居用品
2666,603327.SH,福蓉科技,元器件
2667,603328.SH,依顿电子,元器件
2668,603329.SH,上海雅仕,仓储物流
2669,603330.SH,天洋新材,塑料
2670,603331.SH,百达精工,专用机械
2671,603332.SH,苏州龙杰,化纤
2672,603333.SH,尚纬股份,电气设备
2673,603335.SH,迪生力,汽车配件
2674,603336.SH,宏辉果蔬,农业综合
2675,603337.SH,杰克股份,纺织机械
2676,603338.SH,浙江鼎力,专用机械
2677,603339.SH,四方科技,专用机械
2678,603345.SH,安井食品,食品
2679,603348.SH,文灿股份,汽车配件
2680,603351.SH,威尔药业,化学制药
2681,603353.SH,和顺石油,石油贸易
2682,603355.SH,莱克电气,家用电器
2683,603356.SH,华菱精工,运输设备
2684,603357.SH,设计总院,建筑工程
2685,603358.SH,华达科技,汽车配件
2686,603359.SH,东珠生态,环境保护
2687,603360.SH,百傲化学,农药化肥
2688,603363.SH,傲农生物,饲料
2689,603365.SH,水星家纺,纺织
2690,603366.SH,日出东方,家用电器
2691,603367.SH,辰欣药业,化学制药
2692,603368.SH,柳药集团,医药商业
2693,603369.SH,今世缘,白酒
2694,603373.SH,安邦护卫,综合类
2695,603375.SH,盛景微,半导体
2696,603377.SH,东方时尚,汽车服务
2697,603378.SH,亚士创能,染料涂料
2698,603379.SH,三美股份,化工原料
2699,603380.SH,易德龙,元器件
2700,603383.SH,顶点软件,软件服务
2701,603385.SH,惠达卫浴,家居用品
2702,603386.SH,骏亚科技,元器件
2703,603387.SH,基蛋生物,医疗保健
2704,603388.SH,元成股份,建筑工程
2705,603389.SH,亚振家居,家居用品
2706,603390.SH,通达电气,汽车配件
2707,603392.SH,万泰生物,生物制药
2708,603393.SH,新天然气,供气供热
2709,603396.SH,金辰股份,专用机械
2710,603398.SH,沐邦高科,电气设备
2711,603399.SH,吉翔股份,小金属
2712,603408.SH,建霖家居,家居用品
2713,603416.SH,信捷电气,电器仪表
2714,603421.SH,鼎信通讯,通信设备
2715,603429.SH,集友股份,广告包装
2716,603439.SH,贵州三力,中成药
2717,603444.SH,吉比特,互联网
2718,603456.SH,九洲药业,医疗保健
2719,603458.SH,勘设股份,建筑工程
2720,603466.SH,风语筑,文教休闲
2721,603477.SH,巨星农牧,农业综合
2722,603486.SH,科沃斯,家用电器
2723,603488.SH,展鹏科技,运输设备
2724,603489.SH,八方股份,电气设备
2725,603496.SH,恒为科技,IT设备
2726,603499.SH,翔港科技,广告包装
2727,603500.SH,祥和实业,运输设备
2728,603501.SH,韦尔股份,半导体
2729,603505.SH,金石资源,化工原料
2730,603506.SH,南都物业,房产服务
2731,603507.SH,振江股份,电气设备
2732,603508.SH,思维列控,软件服务
2733,603511.SH,爱慕股份,服饰
2734,603515.SH,欧普照明,家用电器
2735,603516.SH,淳中科技,IT设备
2736,603517.SH,绝味食品,食品
2737,603518.SH,锦泓集团,服饰
2738,603519.SH,立霸股份,家用电器
2739,603520.SH,司太立,化学制药
2740,603527.SH,众源新材,铜
2741,603528.SH,多伦科技,软件服务
2742,603529.SH,爱玛科技,摩托车
2743,603530.SH,神马电力,电气设备
2744,603533.SH,掌阅科技,互联网
2745,603535.SH,嘉诚国际,仓储物流
2746,603536.SH,惠发食品,食品
2747,603538.SH,美诺华,化学制药
2748,603551.SH,奥普家居,家居用品
2749,603556.SH,海兴电力,电器仪表
2750,603558.SH,健盛集团,纺织
2751,603565.SH,中谷物流,仓储物流
2752,603566.SH,普莱柯,农业综合
2753,603567.SH,珍宝岛,中成药
2754,603568.SH,伟明环保,环境保护
2755,603569.SH,长久物流,仓储物流
2756,603577.SH,汇金通,电气设备
2757,603578.SH,三星新材,玻璃
2758,603579.SH,荣泰健康,家用电器
2759,603580.SH,艾艾精工,塑料
2760,603583.SH,捷昌驱动,电气设备
2761,603585.SH,苏利股份,农药化肥
2762,603586.SH,金麒麟,汽车配件
2763,603587.SH,地素时尚,服饰
2764,603588.SH,高能环境,环境保护
2765,603589.SH,口子窖,白酒
2766,603590.SH,康辰药业,生物制药
2767,603595.SH,东尼电子,元器件
2768,603596.SH,伯特利,汽车配件
2769,603598.SH,引力传媒,互联网
2770,603599.SH,广信股份,农药化肥
2771,603600.SH,永艺股份,家居用品
2772,603601.SH,再升科技,玻璃
2773,603602.SH,纵横通信,通信设备
2774,603605.SH,珀莱雅,日用化工
2775,603606.SH,东方电缆,电气设备
2776,603607.SH,京华激光,造纸
2777,603608.SH,天创时尚,服饰
2778,603609.SH,禾丰股份,饲料
2779,603610.SH,麒盛科技,家居用品
2780,603611.SH,诺力股份,运输设备
2781,603612.SH,索通发展,矿物制品
2782,603613.SH,国联股份,互联网
2783,603615.SH,茶花股份,家居用品
2784,603616.SH,韩建河山,水泥
2785,603617.SH,君禾股份,机械基件
2786,603618.SH,杭电股份,电气设备
2787,603619.SH,中曼石油,石油开采
2788,603626.SH,科森科技,元器件
2789,603628.SH,清源股份,电气设备
2790,603629.SH,利通电子,元器件
2791,603630.SH,拉芳家化,日用化工
2792,603633.SH,徕木股份,汽车配件
2793,603636.SH,南威软件,软件服务
2794,603637.SH,镇海股份,建筑工程
2795,603638.SH,艾迪精密,专用机械
2796,603639.SH,海利尔,农药化肥
2797,603648.SH,畅联股份,仓储物流
2798,603650.SH,彤程新材,化工原料
2799,603655.SH,朗博科技,汽车配件
2800,603656.SH,泰禾智能,专用机械
2801,603657.SH,春光科技,家用电器
2802,603658.SH,安图生物,医疗保健
2803,603659.SH,璞泰来,化工原料
2804,603660.SH,苏州科达,IT设备
2805,603661.SH,恒林股份,家居用品
2806,603662.SH,柯力传感,电器仪表
2807,603663.SH,三祥新材,小金属
2808,603665.SH,康隆达,服饰
2809,603666.SH,亿嘉和,专用机械
2810,603667.SH,五洲新春,机械基件
2811,603668.SH,天马科技,饲料
2812,603669.SH,灵康药业,化学制药
2813,603676.SH,卫信康,化学制药
2814,603677.SH,奇精机械,家用电器
2815,603678.SH,火炬电子,元器件
2816,603679.SH,华体科技,电气设备
2817,603680.SH,今创集团,运输设备
2818,603681.SH,永冠新材,化工原料
2819,603682.SH,锦和商管,房产服务
2820,603683.SH,晶华新材,化工原料
2821,603685.SH,晨丰科技,电气设备
2822,603686.SH,福龙马,环境保护
2823,603687.SH,大胜达,广告包装
2824,603688.SH,石英股份,矿物制品
2825,603689.SH,皖天然气,供气供热
2826,603690.SH,至纯科技,半导体
2827,603693.SH,江苏新能,新型电力
2828,603696.SH,安记食品,食品
2829,603697.SH,有友食品,食品
2830,603698.SH,航天工程,专用机械
2831,603699.SH,纽威股份,机械基件
2832,603700.SH,宁水集团,电器仪表
2833,603701.SH,德宏股份,汽车配件
2834,603703.SH,盛洋科技,通信设备
2835,603706.SH,东方环宇,供气供热
2836,603707.SH,健友股份,生物制药
2837,603708.SH,家家悦,超市连锁
2838,603709.SH,中源家居,家居用品
2839,603711.SH,香飘飘,软饮料
2840,603712.SH,七一二,通信设备
2841,603713.SH,密尔克卫,仓储物流
2842,603716.SH,塞力医疗,医药商业
2843,603717.SH,天域生态,农业综合
2844,603718.SH,海利生物,农业综合
2845,603719.SH,良品铺子,食品
2846,603721.SH,中广天择,影视音像
2847,603722.SH,阿科力,化工原料
2848,603725.SH,天安新材,塑料
2849,603726.SH,朗迪集团,家用电器
2850,603727.SH,博迈科,石油开采
2851,603728.SH,鸣志电器,电气设备
2852,603729.SH,龙韵股份,广告包装
2853,603730.SH,岱美股份,汽车配件
2854,603733.SH,仙鹤股份,造纸
2855,603737.SH,三棵树,染料涂料
2856,603738.SH,泰晶科技,元器件
2857,603739.SH,蔚蓝生物,农业综合
2858,603755.SH,日辰股份,食品
2859,603757.SH,大元泵业,机械基件
2860,603758.SH,秦安股份,汽车配件
2861,603759.SH,海天股份,水务
2862,603766.SH,隆鑫通用,摩托车
2863,603767.SH,中马传动,汽车配件
2864,603768.SH,常青股份,汽车配件
2865,603773.SH,沃格光电,元器件
2866,603776.SH,永安行,公共交通
2867,603777.SH,来伊份,食品
2868,603778.SH,国晟科技,建筑工程
2869,603779.SH,威龙股份,红黄酒
2870,603786.SH,科博达,汽车配件
2871,603787.SH,新日股份,摩托车
2872,603788.SH,宁波高发,汽车配件
2873,603789.SH,星光农机,农用机械
2874,603790.SH,雅运股份,染料涂料
2875,603797.SH,联泰环保,环境保护
2876,603798.SH,康普顿,石油加工
2877,603799.SH,华友钴业,小金属
2878,603800.SH,道森股份,专用机械
2879,603801.SH,志邦家居,家居用品
2880,603803.SH,瑞斯康达,通信设备
2881,603806.SH,福斯特,塑料
2882,603808.SH,歌力思,服饰
2883,603809.SH,豪能股份,汽车配件
2884,603810.SH,丰山集团,农药化肥
2885,603811.SH,诚意药业,化学制药
2886,603813.SH,原尚股份,仓储物流
2887,603815.SH,交建股份,建筑工程
2888,603816.SH,顾家家居,家居用品
2889,603817.SH,海峡环保,环境保护
2890,603818.SH,曲美家居,家居用品
2891,603819.SH,神力股份,电气设备
2892,603822.SH,嘉澳环保,化工原料
2893,603823.SH,百合花,染料涂料
2894,603825.SH,华扬联众,互联网
2895,603826.SH,坤彩科技,染料涂料
2896,603828.SH,柯利达,装修装饰
2897,603829.SH,洛凯股份,电气设备
2898,603833.SH,欧派家居,家居用品
2899,603836.SH,海程邦达,仓储物流
2900,603838.SH,四通股份,家居用品
2901,603839.SH,安正时尚,服饰
2902,603843.SH,正平股份,建筑工程
2903,603848.SH,好太太,家居用品
2904,603855.SH,华荣股份,专用机械
2905,603856.SH,东宏股份,塑料
2906,603858.SH,步长制药,中成药
2907,603859.SH,能科科技,软件服务
2908,603860.SH,中公高科,建筑工程
2909,603861.SH,白云电器,电气设备
2910,603863.SH,松炀资源,造纸
2911,603866.SH,桃李面包,食品
2912,603867.SH,新化股份,化工原料
2913,603868.SH,飞科电器,家用电器
2914,603869.SH,新智认知,软件服务
2915,603871.SH,嘉友国际,仓储物流
2916,603876.SH,鼎胜新材,铝
2917,603877.SH,太平鸟,服饰
2918,603878.SH,武进不锈,钢加工
2919,603879.SH,永悦科技,化工原料
2920,603881.SH,数据港,软件服务
2921,603882.SH,金域医学,医疗保健
2922,603883.SH,老百姓,医药商业
2923,603885.SH,吉祥航空,空运
2924,603886.SH,元祖股份,食品
2925,603887.SH,城地香江,软件服务
2926,603888.SH,新华网,互联网
2927,603889.SH,新澳股份,纺织
2928,603890.SH,春秋电子,元器件
2929,603893.SH,瑞芯微,半导体
2930,603895.SH,天永智能,专用机械
2931,603896.SH,寿仙谷,中成药
2932,603897.SH,长城科技,电气设备
2933,603898.SH,好莱客,家居用品
2934,603899.SH,晨光股份,文教休闲
2935,603900.SH,莱绅通灵,服饰
2936,603901.SH,永创智能,专用机械
2937,603903.SH,中持股份,环境保护
2938,603906.SH,龙蟠科技,电气设备
2939,603908.SH,牧高笛,纺织
2940,603909.SH,建发合诚,建筑工程
2941,603912.SH,佳力图,专用机械
2942,603915.SH,国茂股份,机械基件
2943,603916.SH,苏博特,化工原料
2944,603917.SH,合力科技,汽车配件
2945,603918.SH,金桥信息,软件服务
2946,603919.SH,金徽酒,白酒
2947,603920.SH,世运电路,元器件
2948,603922.SH,金鸿顺,汽车配件
2949,603926.SH,铁流股份,汽车配件
2950,603927.SH,中科软,软件服务
2951,603928.SH,兴业股份,化工原料
2952,603929.SH,亚翔集成,装修装饰
2953,603931.SH,格林达,化工原料
2954,603933.SH,睿能科技,元器件
2955,603936.SH,博敏电子,元器件
2956,603937.SH,丽岛新材,铝
2957,603938.SH,三孚股份,化工原料
2958,603939.SH,益丰药房,医药商业
2959,603948.SH,建业股份,化工原料
2960,603949.SH,雪龙集团,汽车配件
2961,603950.SH,长源东谷,汽车配件
2962,603955.SH,大千生态,环境保护
2963,603956.SH,威派格,专用机械
2964,603958.SH,哈森股份,服饰
2965,603959.SH,百利科技,建筑工程
2966,603960.SH,克来机电,汽车配件
2967,603963.SH,大理药业,中成药
2968,603966.SH,法兰泰克,工程机械
2969,603967.SH,中创物流,仓储物流
2970,603968.SH,醋化股份,化工原料
2971,603969.SH,银龙股份,其他建材
2972,603970.SH,中农立华,农药化肥
2973,603976.SH,正川股份,医疗保健
2974,603977.SH,国泰集团,化工原料
2975,603978.SH,深圳新星,小金属
2976,603979.SH,金诚信,铜
2977,603980.SH,吉华集团,染料涂料
2978,603982.SH,泉峰汽车,汽车配件
2979,603983.SH,丸美股份,日用化工
2980,603985.SH,恒润股份,机械基件
2981,603986.SH,兆易创新,半导体
2982,603987.SH,康德莱,医疗保健
2983,603988.SH,中电电机,电气设备
2984,603989.SH,艾华集团,元器件
2985,603990.SH,麦迪科技,软件服务
2986,603991.SH,至正股份,塑料
2987,603992.SH,松霖科技,家居用品
2988,603993.SH,洛阳钼业,小金属
2989,603995.SH,甬金股份,特种钢
2990,603997.SH,继峰股份,汽车配件
2991,603998.SH,方盛制药,中成药
2992,603999.SH,读者传媒,出版业
2993,605001.SH,威奥股份,运输设备
2994,605003.SH,众望布艺,纺织
2995,605005.SH,合兴股份,汽车配件
2996,605006.SH,山东玻纤,玻璃
2997,605007.SH,五洲特纸,造纸
2998,605008.SH,长鸿高科,橡胶
2999,605009.SH,豪悦护理,造纸
3000,605011.SH,杭州热电,供气供热
3001,605016.SH,百龙创园,食品
3002,605018.SH,长华集团,汽车配件
3003,605020.SH,永和股份,化工原料
3004,605028.SH,世茂能源,供气供热
3005,605033.SH,美邦股份,农药化肥
3006,605050.SH,福然德,仓储物流
3007,605055.SH,迎丰股份,纺织
3008,605056.SH,咸亨国际,电器仪表
3009,605058.SH,澳弘电子,元器件
3010,605060.SH,联德股份,机械基件
3011,605066.SH,天正电气,电气设备
3012,605068.SH,明新旭腾,汽车配件
3013,605069.SH,正和生态,环境保护
3014,605077.SH,华康股份,食品
3015,605080.SH,浙江自然,纺织
3016,605081.SH,太和水,环境保护
3017,605086.SH,龙高股份,矿物制品
3018,605088.SH,冠盛股份,汽车配件
3019,605089.SH,味知香,食品
3020,605090.SH,九丰能源,供气供热
3021,605098.SH,行动教育,文教休闲
3022,605099.SH,共创草坪,文教休闲
3023,605100.SH,华丰股份,机械基件
3024,605108.SH,同庆楼,酒店餐饮
3025,605111.SH,新洁能,半导体
3026,605116.SH,奥锐特,化学制药
3027,605117.SH,德业股份,电气设备
3028,605118.SH,力鼎光电,元器件
3029,605122.SH,四方新材,水泥
3030,605123.SH,派克新材,航空
3031,605128.SH,上海沿浦,汽车配件
3032,605133.SH,嵘泰股份,汽车配件
3033,605136.SH,丽人丽妆,其他商业
3034,605138.SH,盛泰集团,服饰
3035,605151.SH,西上海,汽车配件
3036,605155.SH,西大门,家居用品
3037,605158.SH,华达新材,钢加工
3038,605162.SH,新中港,供气供热
3039,605166.SH,聚合顺,化纤
3040,605167.SH,利柏特,建筑工程
3041,605168.SH,三人行,互联网
3042,605169.SH,洪通燃气,供气供热
3043,605177.SH,东亚药业,化学制药
3044,605178.SH,时空科技,装修装饰
3045,605179.SH,一鸣食品,乳制品
3046,605180.SH,华生科技,纺织
3047,605183.SH,确成股份,化工原料
3048,605186.SH,健麾信息,专用机械
3049,605188.SH,国光连锁,超市连锁
3050,605189.SH,富春染织,纺织
3051,605196.SH,华通线缆,电气设备
3052,605198.SH,安德利,软饮料
3053,605199.SH,葫芦娃,中成药
3054,605208.SH,永茂泰,铝
3055,605218.SH,伟时电子,元器件
3056,605222.SH,起帆电缆,电气设备
3057,605228.SH,神通科技,汽车配件
3058,605255.SH,天普股份,汽车配件
3059,605258.SH,协和电子,元器件
3060,605259.SH,绿田机械,农用机械
3061,605266.SH,健之佳,医药商业
3062,605268.SH,王力安防,家居用品
3063,605277.SH,新亚电子,元器件
3064,605286.SH,同力日升,运输设备
3065,605287.SH,德才股份,装修装饰
3066,605288.SH,凯迪股份,电气设备
3067,605289.SH,罗曼股份,建筑工程
3068,605296.SH,神农集团,农业综合
3069,605298.SH,必得科技,运输设备
3070,605299.SH,舒华体育,文教休闲
3071,605300.SH,佳禾食品,乳制品
3072,605303.SH,园林股份,建筑工程
3073,605305.SH,中际联合,专用机械
3074,605318.SH,法狮龙,其他建材
3075,605319.SH,无锡振华,汽车配件
3076,605333.SH,沪光股份,汽车配件
3077,605336.SH,帅丰电器,家用电器
3078,605337.SH,李子园,乳制品
3079,605338.SH,巴比食品,食品
3080,605339.SH,南侨食品,食品
3081,605358.SH,立昂微,半导体
3082,605365.SH,立达信,家用电器
3083,605366.SH,宏柏新材,化工原料
3084,605368.SH,蓝天燃气,供气供热
3085,605369.SH,拱东医疗,医疗保健
3086,605376.SH,博迁新材,小金属
3087,605377.SH,华旺科技,造纸
3088,605378.SH,野马电池,电气设备
3089,605388.SH,均瑶健康,乳制品
3090,605389.SH,长龄液压,机械基件
3091,605398.SH,新炬网络,软件服务
3092,605399.SH,晨光新材,化工原料
3093,605488.SH,福莱新材,塑料
3094,605499.SH,东鹏饮料,软饮料
3095,605500.SH,森林包装,造纸
3096,605507.SH,国邦医药,化学制药
3097,605555.SH,德昌股份,家用电器
3098,605566.SH,福莱蒽特,染料涂料
3099,605567.SH,春雪食品,食品
3100,605577.SH,龙版传媒,出版业
3101,605580.SH,恒盛能源,供气供热
3102,605588.SH,冠石科技,元器件
3103,605589.SH,圣泉集团,化工原料
3104,605598.SH,上海港湾,建筑工程
3105,605599.SH,菜百股份,服饰
